age,gender,study_hours,attendance,internet_access,family_income,parent_education,sleep_hours,health_status,previous_grade,final_grade,pass
1,0,0.11758793969849245,0.6844737895158064,0,0,2,0.1903171953255426,2,0.2333333333333334,0.31666666666666665,0
0.1428571428571428,1,0.6884422110552764,0.9321728691476592,0,0,2,0.36894824707846396,0,0.21666666666666667,1,1
0,0,0.9095477386934673,0.1040416166466589,0,2,0,0.7712854757929883,1,0.85,0.7500000000000001,1
0.5714285714285712,1,0.34070351758793965,0.8359343737495002,1,0,0,0.9048414023372287,2,0.8166666666666668,0.9666666666666667,0
0.8571428571428572,1,0.7557788944723618,0.1620648259303723,0,0,2,0.18864774624373948,1,0.16666666666666674,0.7666666666666667,0
0.5714285714285712,1,0.9256281407035175,0.33113245298119276,1,1,1,0.9365609348914856,2,0.8166666666666668,0.7333333333333333,1
0.5714285714285712,1,0.4743718592964824,0.9083633453381355,1,1,2,0.6744574290484142,0,0.9833333333333333,0.4,1
0.5714285714285712,1,0.047236180904522605,0.7681072428971591,0,0,2,0.659432387,0,0.15000000000000002,0.21666666666666667,0
0,0,0.5356783919597989,0.10004001600640255,0,0,2,0.21702838063439056,2,0.30000000000000004,0.43333333333333346,0
0.4285714285714284,0,0.32361809045226125,0.050020008,1,2,0,0.9432387312186978,2,0.7166666666666667,0.7666666666666667,1
0.8571428571428572,0,0.314572864,0.521808723,0,2,1,0.21869782971619367,1,0.5499999999999999,0.2666666666666667,1
0.2857142857142856,0,0.12462311557788944,0.6270508203281313,0,1,1,0.8914858096828047,2,0.35,0.45000000000000007,1
1,0,0.586934673,0.7058823529411768,0,0,0,0.5342237061769617,0,0.9666666666666667,0.8666666666666666,1
0.1428571428571428,1,0.64321608,0.22749099639855963,1,2,0,0.7746243739565943,0,0.5000000000000001,0.8333333333333334,0
0.2857142857142856,1,0.42311557788944715,0.8025210084033616,0,2,2,0.7362270450751252,0,0.41666666666666663,0.5833333333333334,0
0.8571428571428572,1,0.14472361809045226,0.4171668667466988,0,2,0,0.026711185308848084,2,0.6333333333333334,0.15000000000000002,1
0.8571428571428572,1,0.7045226130653265,0.6876750700280112,1,0,0,0.26711185308848084,0,0,0.050000000000000044,1
0,0,0.615075377,0.4783913565426172,0,0,1,0.662771285,1,0.8166666666666668,0.45000000000000007,0
1,0,0.4321608040201004,0.13505402160864355,0,0,1,0.4958263772954925,1,0.5000000000000001,0.33333333333333337,0
1,1,0.8693467336683416,0.17486994797919175,1,0,1,0.6894824707846412,0,0.31666666666666665,0.2666666666666667,0
0.5714285714285712,1,0.46030150753768834,0.097839136,1,0,0,0.23205342237061777,2,0.1,0.9666666666666667,1
0.1428571428571428,1,0.9437185929648241,0.006002401,1,0,2,0.20033388981636058,1,0.45000000000000007,0.43333333333333346,1
0.2857142857142856,0,0.5185929648241205,0.7068827531012407,1,1,2,0.4574290484140233,2,0.13333333333333341,0.7833333333333333,1
0.2857142857142856,0,0.24221105527638187,0.8609443777511008,1,2,2,0.347245409,0,0.5833333333333334,0.5499999999999999,0
0.2857142857142856,1,0.7417085427135677,0.6952781112444981,0,1,0,0.8981636060100169,0,0.7500000000000001,0.7999999999999999,0
1,1,0.9979899497487436,0.5658263305322131,0,2,1,0.40066777963272115,2,0.016666667,0.5833333333333334,1
0.5714285714285712,1,1,0.8341336534613848,1,0,2,0.968280467,0,0.050000000000000044,0.5000000000000001,1
0.1428571428571428,0,0.4140703517587939,0.029611844737895243,0,2,1,0.083472454,2,0.7166666666666667,0.45000000000000007,0
0.1428571428571428,1,0.083417085,0.45818327330932385,0,0,2,0.8848080133555927,0,0.2833333333333333,0.2333333333333334,1
0.5714285714285712,0,0.6603015075376883,0.5488195278111245,0,2,2,0.9365609348914856,2,0.6333333333333334,0.1166666666666667,0
0.4285714285714284,0,0.8572864321608038,0.5658263305322131,0,1,2,0.9749582637729548,0,0.9666666666666667,0.9166666666666666,0
0.1428571428571428,0,0.9396984924623114,0.7416966786714687,1,0,2,0.038397328881469184,2,0.43333333333333346,0.6166666666666666,0
0.2857142857142856,1,0.39497487437185924,0.6374549819927973,0,0,1,0.8681135225375627,1,0.066666667,0.4,1
1,0,0.2944723618090452,0.7729091636654664,1,2,0,0.9632721202003338,0,0.5666666666666668,0.9666666666666667,0
0.2857142857142856,1,0.34773869346733666,0.6558623449379755,1,0,2,0.6878130217028382,1,0.9833333333333333,0.7500000000000001,0
0.2857142857142856,1,0.34874371859296477,0.042416966786714916,0,2,2,0.091819699,1,1,0.3833333333333334,0
0.1428571428571428,0,0.8452261306532662,0.040016006,1,0,2,0.5659432387312187,1,0.33333333333333337,0.30000000000000004,1
0.8571428571428572,0,0.5989949748743717,0.7018807523009205,1,2,0,0.6176961602671118,2,0.6333333333333334,0.43333333333333346,0
0.1428571428571428,1,0.9306532663316581,0.7981192476990799,1,0,1,0.13021702838063443,1,0.8333333333333334,0.8833333333333334,0
0,1,0.6974874371859295,0.6248499399759904,0,1,2,0.696160267,2,0.6,0.41666666666666663,0
0.714285714,1,0.8271356783919597,0.6224489795918371,0,0,0,0.671118531,1,0.41666666666666663,0.43333333333333346,0
1,1,0.2653266331658291,0.5940376150460187,0,1,1,0.21869782971619367,1,0.7833333333333333,0.8833333333333334,1
0,0,0.27135678391959794,0.6224489795918371,1,0,0,0.355592654,1,0.4666666666666667,0.9166666666666666,1
0,0,0.7135678391959799,0.8223289315726292,0,1,1,0,0,0.4666666666666667,0.9,1
0.5714285714285712,0,0.12462311557788944,0.32693077230892365,0,2,1,0.340567613,2,0.35,0.7666666666666667,1
1,0,0.094472362,0.26950780312124856,1,2,0,0.5091819699499165,0,0.6666666666666666,0.18333333333333335,1
0,0,0.8643216080402009,0.3487394957983194,1,1,0,0.7729549248747913,2,0.7666666666666667,0.9500000000000001,0
0.5714285714285712,1,0.7698492462311557,0.30692276910764305,1,1,2,0.021702838,1,0.9333333333333335,0.15000000000000002,1
0.714285714,0,0.10753768844221105,0.3995598239295721,0,0,1,0.40066777963272115,0,0.65,0.6833333333333335,1
0.5714285714285712,1,0.31356783919597986,0.2709083633453382,0,2,0,0.23873121869782976,1,0.4666666666666667,0.4833333333333333,1
1,0,0.5095477386934673,0.7575030012004804,1,2,0,0.05509182,1,0.7500000000000001,0.5333333333333333,1
0.2857142857142856,0,0.48944723618090447,0.10844337735094056,0,1,0,0.056761268781302165,0,0.4666666666666667,0.8166666666666668,0
1,1,0.19899497487437184,0.9373749499799922,1,2,2,0.696160267,1,0.2833333333333333,0.8666666666666666,0
1,1,0.9809045226130652,0.8285314125650263,0,0,0,0.2838063439065108,0,0.33333333333333337,0.16666666666666674,0
0.4285714285714284,1,0.4251256281407035,0.8779511804721891,1,1,1,0.22036727879799667,0,0.15000000000000002,0.5000000000000001,0
0,0,0.5165829145728643,0.4173669467787118,0,1,1,0.20868113522537557,1,0.9,0.21666666666666667,1
0.2857142857142856,1,0.6753768844221105,0.9769907963185276,1,1,1,0.5575959933222037,1,0.7833333333333333,0.3833333333333334,1
0.4285714285714284,1,0.8844221105527638,0.56182473,0,0,1,0.4874791318864775,1,0.5666666666666668,0.4833333333333333,1
0.8571428571428572,0,0.25728643216080394,0.3399359743897561,1,1,2,0.9131886477462439,2,1,0.5166666666666667,1
0.2857142857142856,1,0.9939698492462311,0.021008403361344685,0,2,2,0.1602671118530884,1,0.5333333333333333,0.3833333333333334,1
0.714285714,1,0.4743718592964824,0.42496998799519825,0,0,0,0.27212020033388973,0,0.25,0.9333333333333335,1
0,0,0.7527638190954773,0.12204881952781133,1,0,2,0.4674457429048413,1,0.5833333333333334,0.033333333333333326,0
1,1,0.700502513,0.068427371,1,1,0,0.4991652754590985,2,0.30000000000000004,0.65,1
0.714285714,1,0.2512562814070351,0.7386954781912769,0,1,2,0.26210350584307185,2,0.9,0.35,1
0.714285714,0,0.17688442211055275,0.8017206882753103,0,1,0,0.20367278797996669,2,0.3833333333333334,0.3666666666666666,1
0.714285714,0,0.9889447236180903,0.20508203281312531,1,0,2,0.646076795,1,0.7999999999999999,0.33333333333333337,0
0.4285714285714284,1,0.22713567839195978,0.1180472188875552,0,0,1,0.8948247078464107,1,0.7666666666666667,0.5666666666666668,0
0.4285714285714284,0,0.12261306532663316,0.757703081,1,1,2,0.021702838,2,0.7000000000000001,0.7333333333333333,0
0.2857142857142856,0,0.10251256281407034,0.046418567426970814,0,2,1,0.5826377295492486,0,0.9166666666666666,0.3666666666666666,1
1,1,0.5015075376884421,0.3321328531412566,0,1,0,0.5809682804674459,2,0.9500000000000001,0.65,1
0,0,0.4211055276381909,0.1378551420568228,1,0,2,0.4757929883138565,2,0.016666667,0.3833333333333334,1
0.5714285714285712,1,0.6954773869346732,0.5036014405762308,1,1,1,0.41235392320534237,1,0.050000000000000044,0.65,0
0.1428571428571428,0,0.5608040201005025,0.43017206882753123,1,1,2,0.8898163606010017,0,0.9500000000000001,0.9166666666666666,1
0.8571428571428572,0,0.3527638190954773,0.2102841136454583,0,2,1,0.23205342237061777,2,0.7999999999999999,0.5499999999999999,0
0.5714285714285712,1,0.7909547738693467,0.533013205,0,0,0,0.8196994991652755,2,0.25,0.3833333333333334,1
0.1428571428571428,0,0.063316583,0.9717887154861946,0,1,2,0.086811352,1,1,0.6833333333333335,1
0.2857142857142856,0,0.84321608,0.36174469787915187,0,0,1,0.3639398998330552,1,0.6166666666666666,0.9,0
0.1428571428571428,0,0.6914572864321606,0.006002401,1,2,0,0.10851419031719534,2,0.4666666666666667,0.13333333333333341,1
0.5714285714285712,1,0.18693467336683417,0.9143657462985195,1,1,0,0.39565943238731216,1,0.41666666666666663,1,0
0.5714285714285712,0,0.34271356783919593,0.6066426570628252,1,2,2,0.26544240400667773,0,0.9666666666666667,0.3666666666666666,1
0.5714285714285712,0,0.3969849246231155,0.22909163665466203,0,0,2,0.043405676,1,0.7999999999999999,0.7500000000000001,0
0.2857142857142856,1,0.3989949748743718,0.30292116846738715,1,0,1,0.9398998330550918,2,0.20000000000000007,0.85,0
0.1428571428571428,1,0.13065326633165827,0.9255702280912366,1,2,1,0.023372287145242088,1,0.21666666666666667,0.5666666666666668,1
0.8571428571428572,1,0.5959798994974874,0.4343737494998001,0,1,1,0.6310517529215358,0,0.5000000000000001,0.25,1
0.4285714285714284,0,0.7236180904522612,0.9321728691476592,0,2,1,0.23539232053422365,2,0.7333333333333333,0,1
0.8571428571428572,0,0.3195979899497487,0.9615846338535414,1,1,0,0.075125209,1,1,0.21666666666666667,1
1,1,0.7055276381909548,0.6682673069227691,1,0,2,0.5392320534223707,0,0.7166666666666667,0.20000000000000007,1
1,1,0.5105527638190954,0.2723089235694278,1,1,2,0.26377295492487474,2,0.85,0.65,1
0.8571428571428572,0,0.4281407035175878,0.4069627851140456,0,1,0,0.3288814691151921,2,0.8166666666666668,0.5499999999999999,1
0.714285714,1,0.048241206,0.7737094837935177,0,1,2,0.7529215358931551,0,0.6166666666666666,0.5666666666666668,1
0.4285714285714284,0,0.045226131,0.12565026010404168,0,2,2,0.9098497495826379,2,0.3666666666666666,0.7166666666666667,1
0.2857142857142856,1,0.4904522613065326,0.6002400960384155,1,0,2,0.22704507512520866,0,0.6333333333333334,0.6666666666666666,1
0.2857142857142856,0,0.8582914572864321,0.9927971188475391,1,2,2,0.998330551,2,0.6,0.7000000000000001,1
0.8571428571428572,0,0.6311557788944723,0.6052420968387358,1,1,0,0.21535893155258767,2,0.8333333333333334,0.9833333333333333,0
0.5714285714285712,0,0.45326633165829133,0.10884353741496611,1,1,1,0.38731218697829717,1,0.9833333333333333,0.20000000000000007,1
0.8571428571428572,0,0.3547738693467336,0.8259303721488598,0,2,0,0.9265442404006679,0,0.4666666666666667,0.033333333333333326,0
1,1,0.9025125628140702,0.37855142056822766,0,2,2,0.7913188647746243,1,0.7666666666666667,0.083333333,1
0.1428571428571428,1,0.5035175879396984,0.14645858343337337,1,1,1,0.6176961602671118,0,0.033333333333333326,0.7000000000000001,0
0,0,0.9467336683417084,0.06482593,0,0,0,0.7061769616026712,2,0.30000000000000004,0.25,0
0.1428571428571428,1,0.7497487437185928,0.7923169267707084,0,2,2,0.095158598,1,0.9333333333333335,0.7500000000000001,1
1,0,0.5547738693467337,0.35354141656662685,1,1,1,0.649415693,2,0.7999999999999999,0.7833333333333333,1
0.8571428571428572,0,0.38693467336683407,0.25890356142457005,0,0,1,0.6260434056761268,2,0.4833333333333333,0.7000000000000001,0
0.4285714285714284,1,0.13266331658291458,0.6522609043617449,0,1,0,0.8163606010016695,2,0.15000000000000002,0.7666666666666667,1
0.714285714,0,0.915577889,0.269107643,0,0,0,0.8447412353923205,2,0.13333333333333341,1,1
0.8571428571428572,1,0.7386934673366834,0.4521808723489398,1,1,1,0.9465776293823038,0,0.4666666666666667,0.7166666666666667,1
0.4285714285714284,1,0.3376884422110552,0.4435774309723892,0,0,2,0.6093489148580968,1,0.5333333333333333,0.21666666666666667,1
0.2857142857142856,1,0.8402010050251254,0.6632653061224492,0,0,2,0.14190317195325552,1,0.7833333333333333,0.8333333333333334,0
0.4285714285714284,0,0.571859296,0.8281312525010007,1,0,2,0.5442404006677795,2,0.7833333333333333,0.7500000000000001,0
0,0,0.9979899497487436,0.29611844737895177,0,1,0,0.9782971619365608,1,0.5833333333333334,0.2833333333333333,1
1,1,0.9909547738693465,0.18907563025210106,0,0,1,0.7495826377295494,2,0.15000000000000002,0.30000000000000004,0
0.4285714285714284,0,0.033165829145728645,0.28891556622649084,0,0,1,0.7378964941569282,0,0.65,0.7833333333333333,0
0.5714285714285712,1,0.8100502512562814,0.6504601840736295,1,2,2,0.05509182,2,0.20000000000000007,0.9166666666666666,1
0.2857142857142856,0,0.4090452261306532,0.7266906762705083,1,0,2,0.11853088480801333,1,0.21666666666666667,0.9666666666666667,1
0,1,0.6753768844221105,0.15606242496998823,1,2,1,0.050083472,2,0.13333333333333341,0.066666667,0
0.8571428571428572,0,0.20703517587939696,0.44377751100440177,1,2,0,0.16193656093489162,0,0.18333333333333335,0.7833333333333333,1
0.1428571428571428,1,0.9467336683417084,0.22308923569427774,1,0,2,0.7045075125208682,2,0.16666666666666674,0.15000000000000002,0
0.8571428571428572,1,0.5728643216080401,0.4269707883153262,0,2,2,0.1903171953255426,0,0.18333333333333335,0.2333333333333334,1
0.4285714285714284,0,0.054271356783919596,0.1570628251300521,0,1,1,0.040066778,2,0.7166666666666667,0.9,1
1,1,0.077386935,0.7494997999199682,1,0,1,0.3572621035058432,2,0.066666667,0.4833333333333333,0
0.1428571428571428,0,0.2914572864321608,0.47398959583833555,1,1,2,0.083472454,2,0.4833333333333333,0,1
0.4285714285714284,0,0.8020100502512562,0.9485794317727092,0,0,2,0.031719533,2,0.43333333333333346,0.4666666666666667,1
0.4285714285714284,1,0.7095477386934673,0.32913165266106437,1,2,0,0.694490818,1,0.5499999999999999,0.1,0
0.2857142857142856,1,0.3105527638190954,0.9933973589435776,1,1,0,0.3739565943238732,2,0.083333333,0.8666666666666666,0
0.4285714285714284,0,0.051256281,0.38415366146458596,0,0,1,0.5726210350584309,0,0.21666666666666667,0.4833333333333333,1
0.4285714285714284,1,0.10251256281407034,0.7841136454581834,1,1,0,0.068447412,0,0.9666666666666667,0.5000000000000001,0
0.714285714,0,0.135678392,0.9355742296918768,0,0,0,0.1452420701168614,0,0.20000000000000007,0.13333333333333341,0
1,1,0.1979899497487437,0.2458983593437376,1,1,1,0.1652754590984975,2,1,0.4,0
0.2857142857142856,0,0.018090452261306532,0.074229692,1,0,2,0.662771285,1,0.6666666666666666,0.7333333333333333,0
0.8571428571428572,1,0.4180904522613065,0.798919568,0,1,2,0.7278797996661102,0,0.5499999999999999,0.5833333333333334,0
0.5714285714285712,1,0.4572864321608039,0.6572629051620649,1,1,2,0.1669449081803005,2,0.5000000000000001,0.13333333333333341,1
0.2857142857142856,0,0.12763819095477386,0.5830332132853144,0,2,0,0.016694490818030094,2,0.033333333333333326,0.16666666666666674,0
0.5714285714285712,0,0.2371859296482412,0.7899159663865547,0,1,1,0.20367278797996669,2,0.4833333333333333,0.3833333333333334,1
0.1428571428571428,1,0.3688442211055276,0.8107242897158866,0,0,2,0.7913188647746243,2,0.5833333333333334,0.033333333333333326,1
0.4285714285714284,1,0.6643216080402009,0.8145258103241297,0,1,0,0.19532554257095158,2,0.5666666666666668,0.21666666666666667,1
0.1428571428571428,1,0.6462311557788945,0.7218887555022011,1,2,0,0.083472454,2,0.9166666666666666,0.7166666666666667,1
0.1428571428571428,0,0.8974874371859295,0.11424569827931186,0,2,0,0.28213689482470783,2,0.2333333333333334,0.7000000000000001,0
0,1,0.46633165829145723,0.903761505,1,0,1,0.6243739565943238,1,0.2333333333333334,0.41666666666666663,1
0.714285714,1,0.10552763819095477,0.7098839535814325,1,1,2,0.028380634390651083,2,0.6166666666666666,0.4833333333333333,1
0.2857142857142856,0,0.9618090452261305,0.5428171268507405,0,2,2,0.4657762938230383,2,0.4833333333333333,0.7999999999999999,1
0.8571428571428572,0,0.11758793969849245,0.5118047218887558,1,0,2,0.8430717863105177,2,0.7999999999999999,0,1
0.5714285714285712,1,0.3246231155778894,0.5868347338935576,1,2,2,0.9048414023372287,1,0.5833333333333334,0.4666666666666667,1
0.4285714285714284,1,0.092462312,0.9801920768307324,1,2,2,0.21869782971619367,2,0.2666666666666667,0.7166666666666667,1
0.5714285714285712,0,0.058291457286432154,0.4669867947178872,1,2,0,0.7462437395659434,2,0.5833333333333334,0.7166666666666667,0
1,1,0.2854271356783919,0.6070428171268507,0,1,1,0.24707846410684475,2,0.4,0.7333333333333333,1
0,1,0.17487437185929647,0.12164865946378578,0,1,0,0.699499165,2,0.21666666666666667,0.6666666666666666,0
0.4285714285714284,0,0.6633165829145728,0.2519007603041219,0,0,0,0.5776293823038396,0,0.5000000000000001,0.8666666666666666,1
0.714285714,1,0.40703517587939686,0.4767907162865148,0,1,2,0.5525876460767947,2,0.6166666666666666,0.6666666666666666,1
0.5714285714285712,0,0.8321608040201003,0.535014006,1,0,2,0.21535893155258767,1,0.13333333333333341,0.6666666666666666,1
0.8571428571428572,1,0.5527638190954773,0.078631453,0,1,0,0.6026711185308848,0,0.9666666666666667,0.1,0
0,1,0.8120603015075376,0.6024409763905565,0,2,0,0.39565943238731216,0,0.6333333333333334,0.85,0
0.1428571428571428,1,0.6482412060301507,0.039415766,0,1,0,0.4657762938230383,0,0.45000000000000007,0.43333333333333346,1
0.4285714285714284,1,0.24723618090452262,0.94057623,0,0,2,0.6060100166944908,2,0.9,0.35,1
0.2857142857142856,0,0.22311557788944722,0.5746298519407766,0,0,1,0.25876460767946574,1,0.5666666666666668,0.21666666666666667,1
0.714285714,0,0.7105527638190954,0.44237695078031236,1,1,0,0.4590984974958263,2,0.5833333333333334,0.1166666666666667,0
0.1428571428571428,0,0.6603015075376883,0.8281312525010007,0,1,0,0.1903171953255426,2,0.45000000000000007,0.6,1
0.5714285714285712,0,0.5628140703517588,0.3107242897158866,1,2,0,0.7612687813021703,2,0.7000000000000001,0.016666667,1
0.5714285714285712,1,0.20201005025125626,0.4229691876750703,0,2,0,0.4557595993322203,2,0.41666666666666663,0.3833333333333334,0
0.1428571428571428,1,0.9537688442211054,0.927170868,0,1,1,0.44073455759599334,0,0,0.6,1
0.714285714,0,0.5969849246231155,0.23069227691076444,0,1,2,0.9248747913188649,2,0.41666666666666663,0.25,1
0.5714285714285712,1,0.436180905,0.6586634653861547,0,1,0,0.14023372287145242,0,0.7999999999999999,0.31666666666666665,1
0.5714285714285712,0,0.029145728643216077,0.6206482593037217,0,0,0,0.7278797996661102,0,0.41666666666666663,0.6,1
0.5714285714285712,1,0.6331658291457285,0.1488595438175273,0,2,0,0.5425709515859767,0,0.5499999999999999,0.8333333333333334,0
0.5714285714285712,1,0.6834170854271355,0.5506202480992399,0,1,1,0.5242070116861437,0,0.25,0.16666666666666674,1
0.4285714285714284,0,0.2492462311557789,0.7563025210084036,1,0,1,0.6894824707846412,1,0.9666666666666667,0.7666666666666667,0
0.8571428571428572,1,0.9668341708542714,0.7547018807523012,0,1,1,0.5692821368948247,2,0.2833333333333333,0.050000000000000044,1
0.1428571428571428,0,0.886432161,0.13685474189675895,1,2,0,0.8497495826377295,0,0.9333333333333335,0.3833333333333334,0
0.5714285714285712,1,0.7045226130653265,0.38615446178471413,0,2,2,0.40901502504173615,0,0.2833333333333333,0.3666666666666666,0
0.2857142857142856,0,0.500502513,0.38615446178471413,0,0,1,0.1719532554257095,1,0.45000000000000007,0.25,1
0.8571428571428572,0,0.84321608,0.651060424,0,1,1,0.4858096828046745,1,0.8833333333333334,0.5000000000000001,0
0.2857142857142856,0,0.757788945,0.5830332132853144,0,0,1,0.5909849749582639,0,0.7166666666666667,0.3666666666666666,0
1,0,0.3457286432160804,0.39355742296918805,1,0,2,0.5425709515859767,2,1,0.050000000000000044,0
0.714285714,0,0.7748743718592963,0.8567426970788317,0,1,0,0.4557595993322203,0,0.3833333333333334,0.7000000000000001,1
0.4285714285714284,1,0.19899497487437184,0.9703881552621052,0,1,2,0.28213689482470783,0,0.21666666666666667,0.9,0
0.1428571428571428,1,0.12261306532663316,0.12585034013605445,1,1,2,0.7595993322203674,2,0.16666666666666674,0.7666666666666667,0
0.714285714,1,0.5045226130653266,0.6086434573829536,1,0,0,0.048414023372287174,2,0.4,0.3833333333333334,1
1,1,0.8703517587939698,0.7084833933573431,0,2,0,0.040066778,1,0.7833333333333333,0.9,1
1,1,0.33969849246231154,0.3895558223289317,1,0,2,0.5876460767946579,2,0.20000000000000007,0.4833333333333333,0
0.1428571428571428,1,0.250251256,0.2815126050420169,0,1,2,0.025041736227045086,1,0.016666667,0.5166666666666667,1
0.2857142857142856,0,0.7447236180904522,0.5612244897959187,0,0,1,0.8731218697829717,1,0.016666667,0.050000000000000044,1
1,0,0.3768844221105527,0.9133653461384554,1,1,2,0.8881469115191987,1,0.7500000000000001,0.050000000000000044,1
0.4285714285714284,0,0.9135678391959797,0.9039615846338536,1,1,2,0.699499165,0,0.85,0.3666666666666666,0
0.1428571428571428,1,0.8150753768844219,0.6970788315326131,0,1,1,0.41903171953255414,0,0.2833333333333333,0.5666666666666668,0
0.8571428571428572,1,0.7276381909547738,0.9937975190076034,0,2,2,0.036727879799666185,2,0.6666666666666666,0.6666666666666666,1
0,0,0.48442211055276374,0.6954781912765107,0,2,1,0.637729549,1,0.7833333333333333,0.6833333333333335,0
1,0,0.055276382,0.1646658663465388,1,2,2,0.8614357262103505,0,0.8833333333333334,0.33333333333333337,1
0.8571428571428572,1,0.7778894472361808,0.919167667,1,2,1,0.9749582637729548,0,0.4666666666666667,0.15000000000000002,1
0.714285714,1,0.9768844221105527,0.6710684273709484,0,1,2,0.8647746243739565,0,0.066666667,0.41666666666666663,0
0.4285714285714284,1,0.536683417,0.3139255702280914,1,1,0,0.3756260434056762,2,0.85,0.033333333333333326,1
0.4285714285714284,0,0.8824120603015073,0.7705082032813126,1,1,0,0.063439065,2,0.8166666666666668,0.6166666666666666,0
0.2857142857142856,0,0.44623115577889444,0.49119647859143667,1,0,1,1,2,0.43333333333333346,0.7500000000000001,0
0.5714285714285712,0,0.44623115577889444,0.8669467787114848,1,1,1,0.5208681135225375,2,0.9833333333333333,0.2333333333333334,1
0,1,0.14271356783919595,0.6764705882352942,0,1,0,0.4657762938230383,1,0.1,0.4833333333333333,1
0.1428571428571428,0,0.2130653266331658,0.9549819927971188,1,1,1,0.671118531,2,0.7999999999999999,0.65,0
0.4285714285714284,1,0.2532663316582914,0.099039616,0,0,0,0.091819699,2,0.9833333333333333,0.8833333333333334,1
0.714285714,1,0.8271356783919597,0.3923569427771112,1,1,0,0.2971619365609349,0,0.45000000000000007,0.2833333333333333,0
1,0,0.5537688442211054,0.3855542216886756,1,0,2,0.3055091819699499,2,0.8666666666666666,0.4,0
0.1428571428571428,0,0.1537688442211055,0.4625850340136055,0,1,1,0.18196994991652748,1,0.4833333333333333,0.20000000000000007,1
1,0,0.5879396984924623,0.48219287715086057,0,2,2,0.071786311,0,0.7500000000000001,0.5333333333333333,0
0.5714285714285712,1,0.7477386934673366,0.5604241696678671,0,0,2,0.5792988313856429,2,0.6833333333333335,0.8666666666666666,0
0.1428571428571428,1,0.23517587939698492,0.024209683873549492,0,0,2,0.98163606,2,0.16666666666666674,1,0
0.4285714285714284,1,0.20502512562814068,0.8461384553821529,1,0,1,0.5642737896494157,0,0.2833333333333333,0,1
1,1,0.6391959798994974,0.6006402561024411,1,2,2,0.035058430717863076,1,0.7666666666666667,0.25,0
0,1,0.093467337,0.6602641056422571,0,1,1,0.4524207011686143,0,0.9833333333333333,0.5499999999999999,0
0.5714285714285712,0,0.32160804,0.5068027210884356,1,1,2,0.25041736227045075,2,0.6833333333333335,0.7666666666666667,1
0.1428571428571428,1,0.47738693467336674,0.5130052020808327,1,2,1,0.43572621035058434,1,0.7166666666666667,0.2833333333333333,0
0.714285714,0,0.779899497,0.7006802721088436,0,2,1,0.986644407,2,0.5000000000000001,0.5333333333333333,1
0.714285714,1,0.84321608,0.016406562625050025,1,2,2,0.644407346,0,0.6833333333333335,0.7833333333333333,0
0.1428571428571428,1,0.17989949748743717,0.6400560224089638,0,0,1,0.008347245,0,0.85,0.8166666666666668,0
0.1428571428571428,1,0.8532663316582914,0.6126450580232095,0,0,1,0.7228714524207012,2,0.2333333333333334,0.9,1
0.8571428571428572,0,0.034170854,0.7318927571028413,0,2,2,0.5225375626043405,2,0.9333333333333335,0.16666666666666674,0
0.714285714,0,0.017085427135678392,0.959983994,0,0,2,0.8213689482470785,1,0.1166666666666667,0.5666666666666668,0
1,0,0.25427135678391954,0.551420568,1,1,0,0.26544240400667773,0,0,0.033333333333333326,0
1,0,0.41306532663316575,0.8405362144857944,1,1,1,0.5859766277128546,1,0.85,0.4666666666666667,0
0.4285714285714284,1,0.9286432160804019,0.21868747498999608,1,0,0,0.065108514,2,0.9166666666666666,0.5666666666666668,1
0.1428571428571428,1,0.11055276381909548,0.24289715886354557,0,0,0,0.646076795,0,0.6666666666666666,0.16666666666666674,0
1,1,0.5879396984924623,0.6566626650660266,0,2,0,0.984974958,0,0.7166666666666667,0.33333333333333337,1
0.2857142857142856,0,0.5256281407035175,0.4785914365746302,0,1,1,0.25876460767946574,0,0,0.15000000000000002,0
0.5714285714285712,0,0.5587939698492462,0.11744697879151689,1,0,2,0.330550918,0,0,0.7833333333333333,1
0.714285714,0,0.6603015075376883,0.5574229691876753,0,1,1,0.8380634390651085,2,0.9333333333333335,0.5833333333333334,1
0.4285714285714284,0,1,0.32292917166866775,1,0,0,0.023372287145242088,0,0.6,0.2833333333333333,1
0.5714285714285712,0,0.9487437185929647,0.4963985594237694,1,2,1,0.16193656093489162,0,0.7333333333333333,0.9,0
1,1,0.8603015075376884,0.7196878751500602,1,2,0,0.7963272120200333,2,0.050000000000000044,0.9,0
0.714285714,1,0.135678392,0.6336534613845541,0,0,2,0.23539232053422365,0,0.1166666666666667,0.2833333333333333,1
0.8571428571428572,0,0.47738693467336674,0.8601440576230495,0,2,1,0.8080133555926543,2,0.15000000000000002,0.30000000000000004,1
0.4285714285714284,1,0.2402010050251256,0.6950780312124851,1,0,1,0.3105175292153589,2,0.15000000000000002,0.25,0
0,0,0.7276381909547738,0.21648659463785536,1,2,2,0.7562604340567611,0,0.31666666666666665,0.9833333333333333,1
0.5714285714285712,1,0.6884422110552764,0.17406962785114066,0,1,1,0.1969949916527547,1,0.7166666666666667,0.8333333333333334,1
0.1428571428571428,0,0.43015075376884415,0.9431772709083637,1,2,0,0.41068447412353914,0,0.7833333333333333,0.65,0
0.1428571428571428,0,0.7386934673366834,0.20328131252501014,1,1,1,0.7212020033388982,1,0.8833333333333334,0.7666666666666667,1
0.4285714285714284,0,0.4683417085427135,0.7186874749899963,1,2,0,0.8230383973288813,0,0.8333333333333334,0.4833333333333333,1
0.8571428571428572,1,0.6492462311557787,0.5076030412164867,1,2,2,0.9916527545909848,0,0.33333333333333337,0.1,1
1,0,0.8241206030150754,0.7136854741896761,1,2,2,0.4874791318864775,1,0.7000000000000001,0.8333333333333334,1
0.2857142857142856,0,0.5849246231155778,0.3043217286914768,1,1,0,0.25709515859766274,1,0.083333333,0.15000000000000002,1
0.5714285714285712,1,0.19396984924623115,0.14485794317727096,0,0,2,0.8697829716193657,1,1,0.21666666666666667,1
0.2857142857142856,1,0.24120603015075376,0.6238495398159265,0,1,2,0.44908180300500833,2,0.016666667,0.65,0
0.8571428571428572,1,0.7306532663316583,0.093237295,1,2,0,0.8096828046744573,1,0.3833333333333334,0.2333333333333334,0
0.4285714285714284,1,0.8552763819095476,0.45898359343737516,0,1,0,0.5225375626043405,0,0.8666666666666666,0.8833333333333334,1
0.8571428571428572,0,0.5326633165829144,0.2751100440176071,1,2,2,0.4524207011686143,2,0.8666666666666666,1,0
0.714285714,1,0.18793969849246228,0.26550620248099266,0,0,0,0.969949917,1,0.33333333333333337,0.45000000000000007,0
0.1428571428571428,1,0.017085427135678392,0.46058423369347756,1,1,1,0.065108514,2,0.4,0.9,0
0.4285714285714284,1,0.47939698492462307,0.4141656662665065,0,1,2,0.1552587646076795,2,0.7833333333333333,0.1,0
1,1,0.41306532663316575,0.9363745498199283,0,1,2,0.21702838063439056,2,0.15000000000000002,0.3666666666666666,0
0.714285714,1,0.8984924623115577,0.9311724689875951,0,2,1,0.5275459098497495,2,0.8166666666666668,0.9833333333333333,1
0,1,0.19396984924623115,0.7849139655862345,1,2,1,0.7696160267111851,0,0.6,0.35,0
0.1428571428571428,1,0.050251256,0.3025210084033614,0,2,0,0.051752922,2,0.9,0.083333333,0
1,0,0.4512562814070351,0.658463385,0,0,2,0.9198664440734556,1,0.7833333333333333,0.2333333333333334,1
0,0,0.5236180904522612,0.8703481392557026,0,0,2,0.20868113522537557,0,0.066666667,0.4666666666666667,1
0.714285714,0,0.22311557788944722,0.6740696278511407,0,0,0,0.8247078464106843,2,0.050000000000000044,0.31666666666666665,0
1,0,0.6402010050251256,0.8285314125650263,1,0,0,0.8831385642737897,0,1,0.7000000000000001,1
0.714285714,1,0.36783919597989945,0.48039215686274517,1,0,1,0.5492487479131887,2,0.6833333333333335,0.9333333333333335,1
0.1428571428571428,0,0.6170854271356784,0.035614245698279534,0,1,1,0.8781302170283805,1,0.6333333333333334,0.5666666666666668,1
0.2857142857142856,0,0.7175879396984924,0.3085234093637459,1,0,2,0.5575959933222037,0,0.1166666666666667,0.033333333333333326,0
0.5714285714285712,1,0.08040201,0.6446578631452584,0,2,0,0.984974958,1,0.25,0.5499999999999999,1
0,0,0.8643216080402009,0.7771108443377353,0,0,1,0.7929883138564273,2,0.25,0.25,0
0.1428571428571428,0,0.4683417085427135,0.059023609443777714,0,1,0,0.8898163606010017,0,0.5166666666666667,1,1
0.4285714285714284,0,0.8241206030150754,0.3587434973989596,1,2,0,0.25041736227045075,0,0.9833333333333333,0.5499999999999999,0
1,1,0.2874371859296482,0.4511804721888757,1,2,0,0.3121869782971619,2,0.9833333333333333,0.9833333333333333,1
0.4285714285714284,1,0.9396984924623114,0.39475790316126447,0,2,2,0.686143573,0,0.9,0.1,1
0.714285714,1,0.061306533,0.9435774309723892,0,2,0,0.7328881469115192,2,0.25,0.25,1
0.1428571428571428,1,0.8703517587939698,0.5738295318127251,0,2,1,0.5108514190317195,0,0.7999999999999999,0.30000000000000004,1
0.5714285714285712,0,0.9045226130653266,0.6524609843937577,0,1,1,0.637729549,1,0.18333333333333335,0.33333333333333337,0
0.714285714,1,0.4904522613065326,0.9339735894357744,1,2,2,0.664440735,0,0.8333333333333334,0.1,1
0.714285714,1,0.6170854271356784,0.057623049,1,0,0,0.7512520868113521,1,0.35,0.9666666666666667,0
0.8571428571428572,0,0.43819095477386927,0.052621048,1,1,2,0.8964941569282139,0,0.6666666666666666,0.8666666666666666,1
0,0,0.9095477386934673,0.8627450980392157,1,0,1,0.045075125,1,0.7166666666666667,1,1
0.4285714285714284,1,0.7859296482412059,0.554421769,1,2,0,0.7896494156928213,2,0.9666666666666667,0.65,1
1,0,0.015075376884422108,0.7615046018407363,1,1,2,0.8614357262103505,0,0.3666666666666666,0.9500000000000001,1
0.714285714,1,0.5959798994974874,0.113045218,0,2,0,0.12020033388981644,1,0.7000000000000001,0.9833333333333333,0
0,1,0.092462312,0.017006802721088565,0,2,2,0.343906511,0,0.4666666666666667,0.1166666666666667,1
0.4285714285714284,1,0.5949748743718591,0.3007202881152464,1,2,2,0.42404006677796335,2,0.65,0.85,1
0.5714285714285712,1,0.2653266331658291,0.039415766,0,1,0,0.621035058,1,0.9833333333333333,0.1166666666666667,0
1,0,0.6321608040201004,0.008803521,0,1,1,0.8130217028380635,1,0.3833333333333334,0.066666667,1
0,0,0.6663316582914571,0.055022008803521594,0,1,2,0.953255426,1,0.35,0,1
0.4285714285714284,0,0.9316582914572863,0.5128051220488197,0,1,1,0.652754591,1,0.7333333333333333,0.1,0
0.4285714285714284,0,0.935678392,0.9811924769907965,0,1,1,0.7512520868113521,2,0.066666667,0.4666666666666667,1
0.2857142857142856,0,0.061306533,0.9857943177270911,1,1,0,0.7445742904841404,0,0.9,0.8166666666666668,0
0.5714285714285712,0,0.11959798994974873,0.5366146458583434,1,2,1,0.4908180300500835,2,0.25,0.7666666666666667,0
0.8571428571428572,1,0.8371859296482411,0.34273709483793535,0,0,0,0.4908180300500835,1,0.6666666666666666,0.43333333333333346,0
0.4285714285714284,1,0.3105527638190954,0.049819927971188616,1,0,0,0.5075125208681135,1,0.8666666666666666,0.050000000000000044,1
1,0,0.8542713567839195,0.6214485794317728,0,2,0,0.6076794657762938,2,0.8833333333333334,0.016666667,0
0.714285714,1,0.17487437185929647,0.8775510204081636,0,2,2,0.681135225,2,0.7333333333333333,0.9500000000000001,0
0.1428571428571428,1,0.5587939698492462,0.044017607,0,1,1,0.1535893155258764,0,0,0.5833333333333334,0
1,1,0.7859296482412059,0.8723489395758306,1,0,2,0.8046744574290485,2,0.5000000000000001,0.30000000000000004,1
0.5714285714285712,1,0.2613065326633165,0.8281312525010007,0,1,0,0.5525876460767947,2,0.9166666666666666,0.65,1
0.1428571428571428,0,0.49547738693467336,0.014405762304922076,1,1,0,0.5726210350584309,1,0.7500000000000001,0.18333333333333335,1
0,1,0.3839195979899497,0.4227691076430573,0,0,1,0.5125208681135225,2,0.35,0.6333333333333334,1
0.1428571428571428,0,0.8522613065326632,0.7036814725890359,1,2,2,0.5492487479131887,0,0.9666666666666667,0.65,0
0.4285714285714284,0,0.4884422110552763,0.41496598639455806,0,2,1,0,2,0.43333333333333346,0.8166666666666668,1
0.714285714,0,0.9427135678391959,0.9153661464585836,0,1,1,0.5659432387312187,0,0.9666666666666667,0.1,0
1,1,0.30854271356783913,0.42396958783513417,1,1,1,0.5692821368948247,1,0.083333333,0.13333333333333341,1
0.714285714,0,0.6291457286432159,0.9975990396158465,1,1,1,0.12520868113522532,0,0.16666666666666674,0.3833333333333334,0
0.8571428571428572,0,0.5919597989949749,0.12505002000800336,0,2,0,0.5308848080133557,2,0.35,0.9166666666666666,0
0.2857142857142856,0,0.9175879396984924,0.8741496598639458,0,0,0,0.9616026711185308,1,0.5666666666666668,0.033333333333333326,1
0,0,0.12462311557788944,0.5194077631052423,0,0,2,0.6477462437395658,2,0.7666666666666667,0.16666666666666674,1
0.4285714285714284,0,0.9648241206030149,0.48239295718287334,0,1,2,0.8981636060100169,2,0.7666666666666667,0.4,0
0.1428571428571428,0,0.5216080402010049,0.9529811924769911,1,1,2,0.4590984974958263,1,1,0.8666666666666666,0
0.8571428571428572,1,0.16783919597989946,0.911764706,0,2,2,0.7696160267111851,2,0.43333333333333346,0.30000000000000004,0
0,1,0.1487437185929648,0.7591036414565828,1,2,2,0.337228715,0,0.9166666666666666,0.13333333333333341,0
0.4285714285714284,0,0.9949748743718592,0.533013205,0,2,0,0.681135225,2,0.35,0.5833333333333334,0
0.4285714285714284,1,0.9768844221105527,0.5206082432973191,1,1,1,0.088480801,1,0.35,0.5833333333333334,0
0.1428571428571428,1,0.9306532663316581,0.360544218,0,2,2,0.5041736227045075,2,0.7000000000000001,0.2833333333333333,1
0.5714285714285712,0,0.7175879396984924,0.9411764705882355,0,0,0,0.4657762938230383,2,0.41666666666666663,0.16666666666666674,1
1,1,0.7407035175879396,0.325730292,0,0,0,0.7979966611018363,2,0.1,0.7833333333333333,0
0.5714285714285712,0,0.658291457,0.3513405362144859,0,2,2,0.11352253756260444,2,0.21666666666666667,0.6666666666666666,0
0.1428571428571428,0,0.5276381909547738,0.5062024809923971,0,1,0,0.40066777963272115,2,0.4833333333333333,0.8166666666666668,1
1,0,0.4030150753768843,0.15526210484193692,1,0,1,0.24540901502504187,2,0.7500000000000001,0.6,1
0.8571428571428572,1,0.9698492462311556,0.9727891156462587,1,0,0,0.23205342237061777,0,0.8166666666666668,0.5166666666666667,1
0.714285714,0,0.7919597989949747,0.5554221688675471,0,2,2,0.355592654,0,0.9500000000000001,0.6166666666666666,1
0.4285714285714284,1,0.2994974874371859,0.1852741096438577,1,1,0,0,0,0.2333333333333334,0.5666666666666668,0
0.2857142857142856,1,0.8050251256281405,0.9497799119647861,0,1,2,0.8781302170283805,2,0.31666666666666665,0.6,1
0.4285714285714284,0,0.7608040201005024,0.8481392557022811,1,2,1,0.26043405676126885,2,0.7000000000000001,0.13333333333333341,0
1,1,0.16281407035175877,0.9803921568627454,0,2,0,0.998330551,0,0.9166666666666666,0.41666666666666663,0
0.1428571428571428,0,0.2492462311557789,0.6410564225690276,1,2,2,0.4824707846410685,0,0.1166666666666667,0.5833333333333334,0
0,1,0.044221106,0.9001600640256104,0,2,0,0.8297161936560935,1,0.31666666666666665,0.65,0
0.714285714,0,0.084422111,0.9311724689875951,1,1,1,0.7212020033388982,2,0.5166666666666667,0.35,0
0.2857142857142856,1,0.3447236180904522,0.16806722689075637,1,1,1,0.14023372287145242,2,0.7166666666666667,0.16666666666666674,1
0.5714285714285712,1,0.250251256,0.7200880352140857,1,1,1,0.657762938,2,0.33333333333333337,0.7000000000000001,1
0.5714285714285712,1,0.4804020100502512,0.9801920768307324,1,1,1,0.5208681135225375,1,0.16666666666666674,0.3833333333333334,1
0,0,0.24321608040201004,0.631652661,0,2,2,0.657762938,0,1,0.7333333333333333,0
0.1428571428571428,1,0.5185929648241205,0.6902761104441779,1,0,0,0.5659432387312187,1,0.7833333333333333,0.1166666666666667,1
1,1,0.9959798994974873,0.35834333733493406,1,1,1,0.355592654,2,0.16666666666666674,0.2333333333333334,1
0.714285714,1,0.3547738693467336,0.1570628251300521,0,2,1,0.8647746243739565,1,0.5833333333333334,1,1
0.4285714285714284,0,0.013065327,0.10364145658263313,1,2,2,0.38397328881469117,2,0.85,0.25,0
0.714285714,0,0.07638191,0.18907563025210106,0,1,2,0.9348914858096826,0,0.7666666666666667,0.18333333333333335,0
1,0,0.085427136,0.9345738295318129,0,1,1,0.9933222036727882,1,0.2333333333333334,0.6666666666666666,1
0.4285714285714284,0,0.084422111,0.068027211,1,2,0,0.46911519198664453,2,0.6166666666666666,0.5333333333333333,1
0.4285714285714284,1,0.36582914572864317,0.1512605042016808,0,1,2,0.696160267,0,0.20000000000000007,0.43333333333333346,0
0.714285714,1,0.34773869346733666,0.47378951580632256,0,2,2,0.6878130217028382,2,0.2333333333333334,0.2833333333333333,0
0.1428571428571428,1,0.972864322,0.8001200480192079,0,2,1,0.696160267,2,0.9,0.7333333333333333,1
1,1,0.8834170854271356,0.3101240496198483,0,0,1,0.8430717863105177,0,0.1,0.6333333333333334,1
0.2857142857142856,0,0.5909547738693466,0.6690676270508205,1,2,1,0.3188647746243739,2,0.2833333333333333,0.65,0
0.5714285714285712,1,0.6040201005025124,0.6076430572228892,0,1,2,0.43739565943238734,2,0.13333333333333341,0.5333333333333333,0
0.714285714,0,0.5256281407035175,0.7068827531012407,1,0,2,0.98163606,1,0.016666667,0.7999999999999999,1
0,1,0.6060301507537688,0.039615846338535654,1,2,2,0.7262103505843072,0,0.65,0.15000000000000002,0
0,1,0.2201005025125628,0.5542216886754703,1,1,2,0.8180300500834725,2,0.16666666666666674,0.3666666666666666,0
0,0,0.7206030150753767,0.6178471388555424,1,2,0,0.7312186978297164,2,0.050000000000000044,0.066666667,1
1,0,0.9909547738693465,0.4453781512605042,1,1,1,0.7996661101836395,0,0.066666667,0.050000000000000044,1
0.2857142857142856,0,0.5949748743718591,0.5590236094437777,0,1,1,0.337228715,2,0.9166666666666666,0.5666666666666668,1
0.8571428571428572,0,0.43015075376884415,0.1312525010004002,0,0,2,0.25375626043405686,2,0.7833333333333333,0.5333333333333333,0
1,0,0.027135678,0.44997999199679883,1,2,1,0.051752922,2,0.41666666666666663,0.30000000000000004,1
0.8571428571428572,1,0.36783919597989945,0.007803121,1,2,0,0.8981636060100169,2,0.5166666666666667,0.9833333333333333,1
0.4285714285714284,1,0.11356783919597987,0.6804721888755503,0,0,1,0.8731218697829717,1,0.9,0.4,1
0.5714285714285712,0,0.8070351758793968,0.8185274109643859,0,2,0,0.9599332220367278,2,0.4833333333333333,0.9500000000000001,0
0.5714285714285712,1,0.036180904522613064,0.919967987,1,1,2,0.5375626043405677,0,0.3666666666666666,0.43333333333333346,1
0.1428571428571428,0,0.5175879396984924,0.6802721088435377,0,2,1,0.10350584307178634,2,0.9666666666666667,0.2666666666666667,0
0.1428571428571428,0,0.08040201,0.596838735,1,1,2,0.3589315525876462,1,0.8166666666666668,0.016666667,0
0,0,0.7869346733668341,0.6074429771908767,1,1,1,0.3038397328881469,1,0.6,0.9,0
1,1,0.4582914572864321,0.3795518207282915,0,2,0,0.21368948247078468,1,0.16666666666666674,0.050000000000000044,0
0,0,0.051256281,0.054221689,0,1,0,0.353923205,1,0.85,0.65,1
0.5714285714285712,0,0.1236180904522613,0.5074029611844741,0,2,2,0.6310517529215358,0,0.9500000000000001,0.5166666666666667,1
0.5714285714285712,1,0.6633165829145728,0.6666666666666667,1,1,1,0.09015025,1,0.5499999999999999,0.5833333333333334,0
0.1428571428571428,1,0.9396984924623114,0.9061624649859945,1,1,0,0.093489149,0,0.4,0.033333333333333326,1
0,1,0.13165829145728644,0.20548219287715108,0,2,1,0.14190317195325552,2,0.20000000000000007,0.8333333333333334,1
1,1,0.743718593,0.6090436174469791,0,1,0,0.4574290484140233,2,0.5666666666666668,0.9166666666666666,0
0.1428571428571428,1,0.13668341708542714,0.14265706282513024,0,2,2,0.5125208681135225,2,0.4833333333333333,0.7000000000000001,1
0.5714285714285712,0,0.6884422110552764,0.20228091236494605,0,1,0,0.033388982,1,0.7000000000000001,0.3833333333333334,1
0.714285714,0,0.6773869346733667,0.15366146458583452,0,0,1,0.6160267111853088,1,0.30000000000000004,0.45000000000000007,0
0.714285714,0,0.34773869346733666,0.082633053,1,0,1,0.005008347,2,0.7000000000000001,0.30000000000000004,1
0.2857142857142856,0,0.1849246231155779,0.6274509803921571,0,1,1,0.42404006677796335,0,1,0.25,1
0.5714285714285712,1,0.10854271356783919,0.9321728691476592,1,0,2,0.7312186978297164,2,0.6833333333333335,0.8833333333333334,0
0,1,0.054271356783919596,0.3289315726290518,1,2,0,0.9582637729549248,2,0.21666666666666667,0.033333333333333326,1
0,0,0.7678391959798995,0.9485794317727092,0,2,1,0.7161936560934892,2,0.16666666666666674,0.9166666666666666,0
1,0,0.2994974874371859,0.1430572228891558,1,2,0,0.4724540901502503,2,0.5166666666666667,0.15000000000000002,0
0.2857142857142856,1,0.6753768844221105,0.9469787915166068,1,0,1,0.5742904841402336,2,0.9500000000000001,0.5499999999999999,1
0.5714285714285712,1,0.20603015075376882,0.3597438975590237,0,1,1,0.22203672787979967,0,0.20000000000000007,0.2666666666666667,0
0.1428571428571428,1,0.9989949748743717,0.5530212084833936,0,0,1,0.028380634390651083,1,0.033333333333333326,0.083333333,0
0.714285714,0,0.038190955,0.3537414965986396,0,1,0,0.4808013355592653,2,0.3666666666666666,0.31666666666666665,0
1,0,0.8854271356783919,0.43837535014005624,1,0,0,0.644407346,1,0.6666666666666666,0.4,1
1,1,0.8211055276381908,0.35914365746298516,1,0,2,0.986644407,2,0.066666667,0.4833333333333333,0
0.4285714285714284,1,0.757788945,0.39315726290516206,1,1,0,0.6010016694490818,0,0.4666666666666667,0.15000000000000002,0
1,1,0.20603015075376882,0.6736694677871151,1,1,0,0.7212020033388982,1,0.30000000000000004,0.5499999999999999,1
0.8571428571428572,1,0.8351758793969849,0.6354541816726691,1,2,0,0.7011686143572622,0,0.7999999999999999,0.20000000000000007,1
0.1428571428571428,1,0.7195979899497487,0.5748299319727892,0,2,1,0.085141903,0,0.25,0.30000000000000004,0
0,1,0.8512562814070351,0.011404561824730042,0,1,2,0.335559265,1,0.050000000000000044,0.050000000000000044,0
0.8571428571428572,0,0.32060301507537686,0.071628651,0,1,2,0.3706176961602672,1,0.16666666666666674,0.25,0
0.1428571428571428,0,0.5889447236180904,0.9829931972789117,1,2,0,0.9015025041736227,0,0.3666666666666666,0.5166666666666667,1
0.1428571428571428,1,0.8211055276381908,0.39835934373749526,1,0,1,0.3038397328881469,1,0.8333333333333334,0.7833333333333333,0
0.714285714,0,0.7829145728643215,0.18907563025210106,1,2,1,0.010016694490818101,1,1,0.1166666666666667,1
0.5714285714285712,1,0.47839195979899485,0.885354142,0,2,2,0.7996661101836395,2,0.9500000000000001,0.5833333333333334,1
0.8571428571428572,0,0.093467337,0.3533413365346141,1,0,2,0.9215358931552586,0,0.7666666666666667,0.5833333333333334,1
0.4285714285714284,0,0.089447236,0.067026811,1,1,2,0.5191986644407345,2,0.7333333333333333,0.43333333333333346,0
0.4285714285714284,1,0.6814070351758793,0.4749899959983994,1,2,1,0.8196994991652755,2,0.3666666666666666,0.3833333333333334,1
0.5714285714285712,1,0.16482412060301505,0.3191276510604242,0,2,0,0.5776293823038396,0,0.2666666666666667,0.1,0
0,1,0.7356783919597989,0.6016406562625052,0,2,0,0.8964941569282139,2,0.41666666666666663,0.5000000000000001,1
0,0,0.7819095477386934,0.11404561824729909,1,1,0,0.968280467,0,0.5833333333333334,0.1166666666666667,0
1,1,0.5567839195979899,0.030612245,0,1,2,0.9749582637729548,0,0.4833333333333333,0.85,1
0.2857142857142856,0,0.6512562814070351,0.9237695078031216,1,1,1,0.6143572621035058,1,0.083333333,0.41666666666666663,0
0.4285714285714284,1,0.16482412060301505,0.23169267707082852,1,1,1,0.28714524207011694,1,0.4833333333333333,0.9166666666666666,1
0,1,0.6733668341708542,0.2553021208483395,0,1,0,0.2904841402337228,0,0.8666666666666666,0.9666666666666667,1
0.5714285714285712,1,0.1386934673366834,0.8551420568227293,0,2,2,0.5692821368948247,0,0.066666667,0.5666666666666668,1
0.2857142857142856,1,0.1557788944723618,0.865546218,0,0,0,0.7779632721202003,1,0.9833333333333333,0.31666666666666665,0
0.8571428571428572,1,0.49547738693467336,0.9051620648259306,0,0,1,0.9181969949916526,2,0.20000000000000007,0.8666666666666666,1
0.714285714,1,0.700502513,0.048819528,0,2,2,0.21702838063439056,2,0.4833333333333333,0.033333333333333326,1
1,0,0.2783919597989949,0.19407763105242104,0,1,2,0.8948247078464107,1,0.6333333333333334,0.5833333333333334,1
0,0,0.2603015075376884,0.4667867146858746,0,2,2,0.4757929883138565,1,0.8833333333333334,0.5000000000000001,0
0.714285714,0,0.083417085,0.15426170468187284,1,1,2,0.679465776,1,0.6666666666666666,0.016666667,1
0.5714285714285712,1,0.040201005,0.795918367,0,2,0,0.6277128547579298,2,0.8666666666666666,0.2833333333333333,0
0.2857142857142856,0,0.4824120603015074,0.3001200480192079,0,1,2,0.47078464106844753,1,0.85,0.4666666666666667,1
0,0,0.7165829145728642,0.5912364945978394,0,1,0,0.986644407,1,0.21666666666666667,0.7500000000000001,1
0,1,0.8522613065326632,0.6946778711484596,1,2,0,0.714524207,0,0.1,0.6,0
0.714285714,0,0.9959798994974873,0.3239295718287316,1,2,0,0.19866444073455758,2,0.033333333333333326,0.033333333333333326,0
0.4285714285714284,0,0.8613065326633165,0.2268907563025211,1,2,1,0.98163606,0,0.083333333,0.65,0
0.5714285714285712,1,0.7989949748743718,0.7619047619047621,1,2,0,0.18864774624373948,0,0.18333333333333335,0.13333333333333341,0
0.4285714285714284,1,0.9718592964824119,0.7384953981592639,0,0,2,0.6744574290484142,1,0.9833333333333333,0.8666666666666666,0
0.2857142857142856,0,0.8673366834170854,0.007402961,1,1,1,0.5742904841402336,2,0.9833333333333333,0.6666666666666666,0
0.2857142857142856,1,0.41206030150753764,0.34193677470988404,1,2,1,0.338898164,0,0.4833333333333333,0.9500000000000001,0
0.5714285714285712,0,0.9608040201005025,0.7857142857142858,0,2,0,0.954924875,1,0.050000000000000044,0.4666666666666667,1
1,0,0.5597989949748743,0.046818727,0,1,0,0.11853088480801333,1,0.33333333333333337,0.7666666666666667,0
0.1428571428571428,1,0.5849246231155778,0.255702281,1,0,0,0.25208681135225364,1,0.7333333333333333,1,0
0.714285714,0,0.1417085427135678,0.702480992,1,0,1,0.14858096828046752,1,0.9333333333333335,0.7000000000000001,1
0.4285714285714284,0,0.14472361809045226,0.5620248099239695,0,2,0,0.8263772954924877,2,0.8833333333333334,0.8666666666666666,0
0.4285714285714284,1,0.5788944723618089,0.23389355742296947,1,2,2,0.9232053422370616,1,0.2833333333333333,0.9333333333333335,1
0,0,0.20201005025125626,0.5672268907563027,1,1,2,0.6477462437395658,0,0.5333333333333333,0.15000000000000002,0
0.5714285714285712,1,0.3326633165829145,0.1736694677871149,1,2,2,0.9415692821368948,0,0.15000000000000002,0.31666666666666665,1
0.4285714285714284,0,0.29547738693467335,0.8993597438975591,0,1,1,0.43071786310517535,1,0,0.35,1
0.2857142857142856,1,0.40603015075376875,0.9989995998399361,0,0,1,0.9248747913188649,2,0.9166666666666666,0,0
0.2857142857142856,0,0.1577889447236181,0.057222889155662315,0,1,0,0.5141903171953255,1,0.6166666666666666,0.9333333333333335,1
0.8571428571428572,0,0.729648241,0.9487795118047222,1,1,1,0.006677796,2,0.7000000000000001,0.30000000000000004,1
0,1,0.4452261306532663,0.021608643457383225,0,1,2,0.44574290484140233,1,0.43333333333333346,0.3833333333333334,0
0.2857142857142856,0,0.11658291457286431,0.23969587835134076,1,0,2,0.6110183639398998,1,0.9833333333333333,0.18333333333333335,0
0.2857142857142856,0,0.086432161,0.274309724,1,0,2,0.9031719532554257,0,0.7500000000000001,0.8166666666666668,0
0.714285714,0,0.7175879396984924,0.6668667466986797,0,0,0,0.10684474123539234,2,0.5833333333333334,0.6666666666666666,1
0,1,0.3959798994974874,0.39515806322529046,1,2,0,0.1585976627712855,2,0.9,0.1166666666666667,0
0.1428571428571428,0,0.7115577889447235,0.06402561,1,1,0,0.4657762938230383,2,0.6166666666666666,0.8166666666666668,0
0.8571428571428572,1,0.4582914572864321,0.6898759503801521,1,2,1,0.09015025,2,0.45000000000000007,0.15000000000000002,1
0.5714285714285712,0,0.1708542713567839,0.709683874,0,0,1,0.8263772954924877,0,0.16666666666666674,0.2333333333333334,1
0.1428571428571428,0,0.4743718592964824,0.8035214085634255,0,0,1,0.12854757929883143,0,0.2833333333333333,0.9500000000000001,1
0.2857142857142856,0,0.872361809,0.9449779911964786,1,1,1,0.342237062,1,0.8833333333333334,0.8666666666666666,0
0.8571428571428572,0,0.3969849246231155,0.8745498199279713,0,1,2,0.066777963,0,0.7666666666666667,0.8333333333333334,1
0.8571428571428572,1,0.020100503,0.298919568,0,1,1,0.068447412,2,0.9833333333333333,0.1,0
0.5714285714285712,1,0.028140703517587937,0.7078831532613048,1,1,2,0.4941569282136895,2,0.7166666666666667,0.31666666666666665,0
0.1428571428571428,1,0.064321608,0.38515406162465005,0,2,2,0.22871452420701166,1,0.016666667,0.8333333333333334,0
0.4285714285714284,0,0.16984924623115577,0.015406162464986162,1,2,1,0.9165275459098496,0,0.8666666666666666,0.4,1
1,1,0.3326633165829145,0.007202881,0,0,1,0.6243739565943238,2,0.066666667,0.9500000000000001,0
0.2857142857142856,1,0.9889447236180903,0.1836734693877553,1,2,2,0.24874791318864775,2,0.4833333333333333,0.85,1
0,0,0.6633165829145728,0.5854341736694679,0,1,1,0.10350584307178634,2,0.2833333333333333,0.7666666666666667,1
0.2857142857142856,0,0.049246231,0.4229691876750703,0,0,2,0.44407345575959933,1,0.7000000000000001,0.65,1
0.1428571428571428,0,0.8522613065326632,0.7040816326530615,0,1,0,0.12854757929883143,2,0.4,0.30000000000000004,0
0.8571428571428572,0,0.10653266331658291,0.26110444177671077,0,1,2,0.3722871452420702,0,0.3666666666666666,0.43333333333333346,1
0,1,0.6130653266331658,0.360344138,0,0,1,0.352253756,1,0.6333333333333334,0.1,1
0.2857142857142856,1,0.7467336683417085,0.8819527811124452,0,0,1,0.2954924874791319,0,0.5166666666666667,0.5833333333333334,0
0.1428571428571428,0,0.3105527638190954,0.1736694677871149,0,1,0,0.682804674,2,0.15000000000000002,0.8666666666666666,1
0,0,0.6753768844221105,0.1638655462184877,1,1,2,0.3706176961602672,1,0.5666666666666668,0.25,0
0.8571428571428572,0,0.7517587939698491,0.5038015206082433,1,1,2,0.5125208681135225,2,0.5833333333333334,0.7333333333333333,0
0.1428571428571428,0,0.30854271356783913,0.056022409,0,2,1,0.9282136894824708,2,0.43333333333333346,0.5499999999999999,1
0.2857142857142856,0,0.729648241,0.2741096438575432,1,2,1,0.22871452420701166,2,0.7500000000000001,0.9166666666666666,1
0,0,0.075376884,0.569827931,1,1,0,0.051752922,2,0.1166666666666667,0.8333333333333334,1
0.2857142857142856,0,0.2281407035175879,0.7525010004001602,1,2,1,0.1552587646076795,0,0.5666666666666668,0.7666666666666667,0
0,0,0.9376884422110552,0.8497398959583835,1,1,0,0.5342237061769617,1,0.30000000000000004,0.5333333333333333,1
0.4285714285714284,1,0.12261306532663316,0.19327731092436995,0,0,1,0.6277128547579298,0,0.30000000000000004,0.20000000000000007,1
0.8571428571428572,0,0.7155778894472361,0.9361744697879153,0,2,2,0.3055091819699499,0,0.3833333333333334,0.16666666666666674,0
0.8571428571428572,1,0.047236180904522605,0.6024409763905565,0,1,1,0.3121869782971619,0,0.20000000000000007,0.13333333333333341,1
0.4285714285714284,1,0.6281407035175879,0.7771108443377353,0,1,2,0.071786311,1,0.25,0.7500000000000001,1
0.5714285714285712,1,0.26834170854271355,0.42817126850740306,1,1,0,0.4858096828046745,2,0.2333333333333334,0.9500000000000001,1
0.714285714,1,0.9919597989949749,0.7697078831532616,1,1,2,0.7879799666110185,0,0.85,0.050000000000000044,1
0.4285714285714284,0,0.2613065326633165,0.5722288915566227,1,2,2,0.6026711185308848,0,0.5666666666666668,1,1
0.5714285714285712,1,0.8201005025125627,0.6436574629851943,0,0,0,0.001669449,0,0.7500000000000001,0.3833333333333334,0
0,0,0.20502512562814068,0.24469787915166075,0,1,0,0.21035058430717857,0,0.1,0.1,0
0.714285714,0,0.36582914572864317,0.1554621848739497,1,2,2,0.8347245409015025,1,0.1,0.5166666666666667,1
0,0,0.36482412060301506,0.15366146458583452,0,0,0,0.6260434056761268,0,0.7000000000000001,0.6166666666666666,0
0.1428571428571428,0,0.1809045226130653,0.9663865546218489,0,1,0,0.5976627712854758,2,0.033333333333333326,0.8333333333333334,0
0.1428571428571428,1,0.38994974874371857,0.7282913165266107,1,1,1,0.9449081803005008,0,0.8833333333333334,0.30000000000000004,1
0,1,0.040201005,0.6380552220888358,1,0,2,0.315525876,0,0.5499999999999999,0.5166666666666667,1
1,1,0.6040201005025124,0.400560224,1,1,2,0.11018363939899833,2,0.45000000000000007,0.9333333333333335,1
0.2857142857142856,1,0.615075377,0.8895558223289317,0,0,1,0.1686143572621034,2,0.21666666666666667,0.9,0
0.4285714285714284,0,0.2130653266331658,0.34013605442176886,1,2,1,0.6744574290484142,1,0.2333333333333334,0.20000000000000007,1
1,1,0.11959798994974873,0.8339335734293718,1,1,1,0.42404006677796335,1,0.6,0.30000000000000004,0
0.8571428571428572,1,0.7477386934673366,0.2975190076030412,0,0,1,0.6727879799666108,1,0.31666666666666665,0.9833333333333333,1
0.2857142857142856,0,0.4814070351758793,0.3483393357342939,0,0,0,0.10350584307178634,0,0.6666666666666666,1,1
0.2857142857142856,0,0.23618090452261303,0.569827931,1,1,2,0.020033389,0,0.6166666666666666,0.7999999999999999,0
0.8571428571428572,0,0.9306532663316581,0.23969587835134076,1,0,0,0.7746243739565943,2,0.7833333333333333,0.41666666666666663,0
0,1,0.8532663316582914,0.9361744697879153,0,0,2,0.23372287145242077,2,0.35,0.050000000000000044,1
0.714285714,0,0.6110552763819095,0.932372949,1,1,0,0.9015025041736227,1,0.2333333333333334,0.6,1
0.4285714285714284,0,0.5115577889447235,0.3049219687875151,0,1,2,0.25041736227045075,2,0.33333333333333337,0.18333333333333335,0
0.714285714,0,0.5457286432160804,0.5326130452180873,0,0,2,0.23539232053422365,2,0.5499999999999999,0.7833333333333333,1
0.8571428571428572,0,0.7025125628140703,0.6606642657062827,1,0,0,0.9348914858096826,2,0.5499999999999999,0.8166666666666668,1
1,0,0.985929648,0.21468587434974018,0,2,1,0.969949917,1,0.066666667,0.2333333333333334,0
0,0,0.9407035175879395,0.5712284913965588,0,2,1,0.5425709515859767,1,0.050000000000000044,0.16666666666666674,1
1,1,0.5708542713567839,0.16086434573829544,1,2,2,0.7328881469115192,0,0.7999999999999999,1,0
0.714285714,1,0.264321608,0.13845538215286135,0,2,1,0.7662771285475793,1,0.6333333333333334,0.050000000000000044,0
0.714285714,1,0.550753769,0.071028411,1,2,2,0.2938230383973288,0,0.7833333333333333,0.9833333333333333,1
0.2857142857142856,1,0.19597989949748743,0.988995598,1,0,1,0.5459098497495827,0,0.9500000000000001,0.4666666666666667,1
0.4285714285714284,0,0.3738693467336683,0.4403761504601842,0,1,1,0.8898163606010017,0,0.6833333333333335,0.20000000000000007,0
0,0,0.9296482412060301,0.7799119647859145,1,2,2,0.3288814691151921,0,0.5499999999999999,0.16666666666666674,0
0.2857142857142856,1,0.8834170854271356,0.1494597839135654,0,1,0,0.98163606,2,0.6333333333333334,0.8833333333333334,0
0.2857142857142856,1,0.44623115577889444,0.4635854341736698,0,2,1,0.5742904841402336,2,0.20000000000000007,0.2333333333333334,0
0.1428571428571428,1,0.7517587939698491,0.26110444177671077,0,2,1,0.6126878130217028,2,0.6666666666666666,0.7999999999999999,0
0,1,0.068341709,0.5758303321328535,0,1,0,0.8731218697829717,1,0.2333333333333334,0.8833333333333334,1
0.8571428571428572,0,0.41507537688442203,0.8763505402160867,1,1,2,0.1803005008347245,2,0.8166666666666668,0.85,0
0.2857142857142856,1,0.41206030150753764,0.36154461784713887,1,2,0,0.22537562604340577,1,0.30000000000000004,1,0
0,0,0.757788945,0.887154862,1,1,2,0.42737896494156935,2,0.7166666666666667,0.5666666666666668,0
0.8571428571428572,1,0.2592964824120602,0.44217687074829937,1,1,0,0.19532554257095158,1,0.9,0.9,0
0.4285714285714284,1,0.4080402010050251,0.24189675870348148,0,2,0,0.19532554257095158,2,0.16666666666666674,0.35,0
0.1428571428571428,0,0.011055276381909545,0.4877951180472191,1,2,2,0.9432387312186978,0,0.5666666666666668,0.5333333333333333,1
0,0,0.6180904522613064,0.6990796318527412,0,0,0,0.7245409015025042,1,0.8833333333333334,0.5000000000000001,1
0.714285714,0,0.657286432,0.9871948779511805,0,1,2,0.9465776293823038,0,0.21666666666666667,0.6666666666666666,1
1,0,0.6954773869346732,0.7975190076030414,1,0,1,0.3105175292153589,1,0.2666666666666667,0.30000000000000004,1
0.1428571428571428,1,0.6462311557788945,0.31032412965186085,0,1,0,0.8731218697829717,2,0.8666666666666666,0.7000000000000001,0
0.1428571428571428,1,0.13467336683417086,0.21568627450980404,1,0,0,0.652754591,0,0.3666666666666666,0.8166666666666668,1
0.8571428571428572,0,0.03919598,0.044217687,0,0,1,0.41068447412353914,0,0.066666667,0.5333333333333333,0
0.5714285714285712,0,0.5678391959798994,0.46378551420568237,1,2,2,0.095158598,0,0.7166666666666667,0.33333333333333337,1
0,1,0.7869346733668341,0.14645858343337337,0,2,0,0.3055091819699499,1,0.5499999999999999,0.083333333,0
0.2857142857142856,0,0.8884422110552762,0.7545018007202882,1,2,1,0.681135225,1,0.2333333333333334,0.6333333333333334,1
0.4285714285714284,1,0.4080402010050251,0.9583833533413366,0,2,1,0.30884808,1,0.083333333,0.4666666666666667,0
0.2857142857142856,0,0.5236180904522612,0.6846738695478194,1,2,0,0.5459098497495827,2,0.016666667,0.8333333333333334,0
1,0,0.10050251256281406,0.4965986394557824,0,2,0,0.8347245409015025,2,0.3666666666666666,0.8166666666666668,0
0.1428571428571428,0,0.6613065326633165,0.24329731892757112,1,0,1,0.7996661101836395,1,0.7666666666666667,0.2833333333333333,1
0.714285714,1,0.771859296,0.071228491,1,0,2,0.6410684474123538,0,0.050000000000000044,0.9,0
1,0,0.077386935,0.24049619847939185,0,1,1,0.083472454,1,0.083333333,0.6333333333333334,0
0.1428571428571428,0,0.8904522613065324,0.12484993997599059,1,0,1,0.6227045075125208,0,0.16666666666666674,0.2333333333333334,0
1,0,0.7386934673366834,0.14685874349739914,0,0,1,0.7212020033388982,1,0.41666666666666663,0.9666666666666667,1
0,1,0.46432160804020095,0.2883153261304523,1,0,0,0.8747913188647747,0,0.21666666666666667,0.5166666666666667,1
1,0,0.6462311557788945,0.4743897559023611,0,2,0,0.7712854757929883,0,0.5499999999999999,0.8333333333333334,1
0.1428571428571428,0,0.34271356783919593,0.7166866746698681,1,1,2,0.4590984974958263,0,0.35,0.8333333333333334,0
0.4285714285714284,1,0.018090452261306532,0.8049219687875151,1,1,2,0.10851419031719534,0,0.050000000000000044,0.7166666666666667,0
0.714285714,1,0.6944723618090451,0.2915166066426571,1,2,1,0.8848080133555927,1,0.31666666666666665,0.5000000000000001,0
0,0,0.708542714,0.4845938375350143,0,2,2,0.093489149,1,0.016666667,0.9666666666666667,1
0.714285714,0,0.2753768844221105,0.1778711484593838,0,1,1,0.9782971619365608,1,0.65,0.21666666666666667,1
0.2857142857142856,0,0.058291457286432154,0.7436974789915969,1,0,2,0.5509181969949917,1,0.7500000000000001,0.9833333333333333,0
0.4285714285714284,0,0.900502513,0.4567827130852342,0,0,2,0.40400667779632715,1,0.4,0.7833333333333333,1
0,0,0.005025126,0.4965986394557824,0,1,2,0.9215358931552586,2,0.7833333333333333,0.41666666666666663,0
0.8571428571428572,1,0.49145728643216074,0.12004801920768315,1,1,1,0.9432387312186978,1,0.6,0.33333333333333337,0
0.1428571428571428,0,0.8783919597989949,0.6000400160064028,1,1,2,0.21035058430717857,1,0.7833333333333333,0.65,0
0.1428571428571428,1,0.3638190954773869,0.071628651,1,0,1,0.42070116861435736,2,0.5166666666666667,0.6166666666666666,1
0,0,0.11859296482412059,0.00160064,0,2,0,0.7212020033388982,1,0.13333333333333341,0.7666666666666667,0
0.4285714285714284,0,0.6472361809045225,0.8803521408563428,1,2,1,0.2971619365609349,0,0.2666666666666667,1,0
0.4285714285714284,0,0.1809045226130653,0.29531812725090045,1,1,2,0.38898163606010017,0,0.083333333,0.9333333333333335,0
0,1,0.5889447236180904,0.41636654661864747,1,2,2,0.8747913188647747,2,0.016666667,1,0
0,0,0.8492462311557789,0.8989595838335336,1,0,0,0.5542570951585977,2,0.6,0.20000000000000007,0
0.4285714285714284,0,0.4110552763819095,0.4161664665866349,0,2,0,0.5075125208681135,0,0.8666666666666666,0.066666667,1
0.714285714,1,0.8974874371859295,1.0000000000000002,0,1,1,0.20033388981636058,2,0.2666666666666667,0.2833333333333333,0
0.8571428571428572,0,0.8311557788944722,0.645058023,0,0,0,0.6126878130217028,2,0.31666666666666665,0.5000000000000001,1
0.4285714285714284,1,0.357788945,0.20468187274909977,0,2,1,0.621035058,2,0.9333333333333335,0.7000000000000001,1
0.4285714285714284,1,0.9145728643216079,0.7032813125250101,0,1,2,0.3656093489148582,1,0.16666666666666674,0.21666666666666667,0
0.5714285714285712,1,0.4331658291457286,0.021608643457383225,0,2,2,0.12854757929883143,2,0.31666666666666665,0.16666666666666674,1
0.4285714285714284,0,0.071356784,0.32432973189275716,1,0,2,0.2954924874791319,2,0.9166666666666666,0.21666666666666667,0
0.714285714,1,0.6462311557788945,0.033013205,1,2,1,0.25542570951585974,2,0.050000000000000044,0.21666666666666667,1
0,1,0.4924623115577889,0.1180472188875552,1,0,1,0.2988313856427379,0,0.7333333333333333,0.43333333333333346,1
0.8571428571428572,1,0.6834170854271355,0.5496198479391758,1,2,0,0.1719532554257095,1,0.016666667,0.85,1
0.1428571428571428,1,0.17889447236180903,0.9163665466186477,1,1,1,0.9015025041736227,1,0.15000000000000002,0.5499999999999999,1
0.8571428571428572,0,0.5758793969849245,0.1504601840736297,1,2,1,0.4791318864774625,1,0.20000000000000007,0.6833333333333335,1
0.5714285714285712,0,0.13165829145728644,0.9779911964785917,0,1,2,0.1702838063439066,1,0.35,0.8166666666666668,0
0.4285714285714284,1,0.8412060301507538,0.7981192476990799,1,1,0,0.7278797996661102,1,0.083333333,0.9333333333333335,1
0,0,0.8150753768844219,0.39635854341736687,0,2,1,0.061769616,0,0.066666667,0.43333333333333346,0
0.1428571428571428,1,0.84321608,0.087635054,0,1,1,0.8447412353923205,2,0.6666666666666666,0.6166666666666666,1
0.5714285714285712,0,0.557788945,0.5664265706282514,0,1,2,0.026711185308848084,0,0.2833333333333333,0.6833333333333335,0
0,1,0.03718593,0.2583033213285315,0,1,1,0.7328881469115192,1,0.9500000000000001,0.2833333333333333,1
0.4285714285714284,0,0.29547738693467335,0.36514605842336967,1,2,2,0.3572621035058432,1,0.5499999999999999,0.35,1
1,1,0.4582914572864321,0.3579431772709085,1,0,0,0.637729549,1,0.6,0,0
0.5714285714285712,0,0.672361809,0.9551820728291318,0,2,1,0.666110184,1,0.18333333333333335,0.8333333333333334,0
0.1428571428571428,0,0.672361809,0.4743897559023611,1,1,1,0.8247078464106843,1,0.45000000000000007,0.8833333333333334,0
0.2857142857142856,0,0.8904522613065324,0,1,2,1,0.21869782971619367,1,0.43333333333333346,0.8666666666666666,1
0.4285714285714284,1,0.35075376884422105,0.045018007,1,0,1,0.39565943238731216,1,0.6,0.4666666666666667,0
0.714285714,0,0.3185929648241206,0.23329331732693093,0,1,2,0.018363939899833093,1,0.85,0.43333333333333346,1
0.5714285714285712,1,0.9919597989949749,0.022809124,0,2,2,0.1903171953255426,0,0.2833333333333333,0.41666666666666663,0
0.1428571428571428,1,0.086432161,0.8609443777511008,1,2,1,0.44574290484140233,1,0.4,0.15000000000000002,1
0.2857142857142856,0,0.018090452261306532,0.048819528,0,1,0,0.36894824707846396,2,0.4833333333333333,0.5666666666666668,0
1,1,0.37487437185929645,0.087034814,0,0,1,0.8230383973288813,1,0.9500000000000001,0.65,0
0.1428571428571428,0,0.46432160804020095,0.028611444577831158,0,0,2,0.8414023372287147,1,0.16666666666666674,0.4,0
0.4285714285714284,1,0.9125628140703517,0.22248899559823943,0,0,0,0.046744574290484175,0,0.31666666666666665,0.4,1
0.1428571428571428,1,0.22110552763819094,0.4509803921568629,1,0,0,0.1669449081803005,1,0.7500000000000001,0.7333333333333333,1
0.714285714,0,0.23115577889447234,0.863545418,0,0,0,0.43739565943238734,1,0.9,0.7000000000000001,1
1,0,0.024120603015075376,0.6172468987595039,0,2,1,0.5041736227045075,0,0.9500000000000001,0.8333333333333334,0
0,1,0.03718593,0.7486994797919171,1,1,1,0.7362270450751252,0,0.7166666666666667,0.41666666666666663,0
0,1,0.08241206,0.8089235694277712,0,0,0,0.13856427378964942,1,0.6833333333333335,0.18333333333333335,0
0.714285714,1,0.5929648241206029,0.20108043217286942,0,0,2,0.24707846410684475,2,0.5499999999999999,0.9500000000000001,0
0,0,0.030150754,0.7609043617446982,0,1,0,0.05509182,2,0.8166666666666668,0.6666666666666666,0
0.1428571428571428,1,0.4924623115577889,0.036614646,0,2,1,0.43071786310517535,0,0.9333333333333335,0.7833333333333333,0
0.1428571428571428,1,0.371859296,0.7817126850740297,0,2,1,0.015025041736226985,2,0.4666666666666667,0.35,0
1,0,0.8713567839195978,0.040416166466586745,0,2,2,0.9065108514190316,0,1,0.5499999999999999,0
0.8571428571428572,0,0.36180904522613055,0.8867547018807524,1,2,2,0.43238731218697835,2,0.85,0.31666666666666665,1
0,1,0.8824120603015073,0.9881952781112449,0,2,1,0.8547579298831387,1,0.050000000000000044,1,1
0.1428571428571428,0,0.5587939698492462,0.6552621048419371,0,1,1,0.2921535893155258,1,0.2666666666666667,0.9500000000000001,1
0.714285714,0,0.536683417,0.029411765,0,1,2,0.9015025041736227,1,0.18333333333333335,0.1166666666666667,1
0.4285714285714284,0,0.19195979899497484,0.14225690276110448,0,0,1,0.25041736227045075,2,0.45000000000000007,0.1166666666666667,1
0.2857142857142856,1,0.2130653266331658,0.2376950780312126,1,1,2,0.3188647746243739,1,0.7166666666666667,0.35,0
0,0,0.8201005025125627,0.8335334133653463,1,2,0,0.40400667779632715,1,0.7000000000000001,0.5833333333333334,1
0,1,0.9909547738693465,0.554421769,0,0,0,0.6477462437395658,2,0.6166666666666666,0.25,1
0.4285714285714284,0,0.7527638190954773,0.1578631452581034,1,0,2,0.28714524207011694,0,1,0.6,1
0.8571428571428572,1,0.28844221105527634,0.039215686,1,0,1,0.088480801,2,0.20000000000000007,0.2833333333333333,0
0,0,0.3909547738693467,0.15566226490596247,0,1,2,0.25542570951585974,0,0.18333333333333335,0.16666666666666674,1
0.5714285714285712,1,0.8633165829145727,0.074429772,1,2,1,0.20367278797996669,1,0.5166666666666667,0.083333333,0
0,0,0.7336683417085426,0.413965586,1,1,1,0.015025041736226985,2,0.7999999999999999,0.8833333333333334,1
0.1428571428571428,0,0.7979899497487436,0.8241296518607446,0,1,0,0.40400667779632715,0,0.5666666666666668,0.15000000000000002,1
0.1428571428571428,1,0.7708542713567837,0.3305322128851542,0,0,0,0.5358931552587645,1,0.6833333333333335,0.3833333333333334,1
0,1,0.12060301507537687,0.9563825530212087,1,0,2,0.19365609348914858,1,0.41666666666666663,0.33333333333333337,1
0.2857142857142856,1,0.8964824120603013,0.225890356,0,2,0,0.5976627712854758,1,0.1166666666666667,0.7000000000000001,0
0.8571428571428572,1,0.3457286432160804,0.068427371,0,0,0,0.058430717863105275,0,0.45000000000000007,0.2333333333333334,0
0.714285714,0,0.5457286432160804,0.004401761,0,0,2,0.3823038397328882,0,0.2333333333333334,0.9166666666666666,0
0.5714285714285712,0,0.9798994974874371,0.11344537815126055,0,0,1,0.5726210350584309,0,0.4,0.4833333333333333,0
0.4285714285714284,0,0.30753768844221097,0.9239695878351342,1,2,2,0.5742904841402336,0,0.8333333333333334,0.5666666666666668,1
0.714285714,1,0.14673366834170853,0.671468587,1,2,1,0.28046744574290494,0,0.35,0.6166666666666666,0
0.1428571428571428,1,0.19597989949748743,0.8073229291716688,1,0,2,0.9899833055091818,0,0.16666666666666674,0.7333333333333333,1
0.1428571428571428,1,0.9618090452261305,0.41356542617046843,0,0,0,0.7946577629382303,0,0.5833333333333334,0.25,1
0.1428571428571428,0,0.033165829145728645,0.6242497,0,0,0,0.098497496,2,0.33333333333333337,0.033333333333333326,1
0.8571428571428572,0,0.8974874371859295,0.074829932,0,2,2,0.1636060100166945,1,0.5499999999999999,0.016666667,1
0,0,0.45527638190954767,0.018007203,0,2,2,0.9632721202003338,1,0.066666667,0.083333333,1
0.714285714,0,0.5849246231155778,0.26410564225690303,0,1,2,0.41068447412353914,2,0.9833333333333333,0.5000000000000001,0
0.4285714285714284,1,0.25728643216080394,0.080032013,1,1,1,0.994991653,0,0.33333333333333337,0.15000000000000002,1
0,0,0.3909547738693467,0.081232493,1,1,2,0.8998330550918197,0,0.3666666666666666,0.31666666666666665,1
1,1,0.879396985,0.3013205282112845,0,0,1,0.3188647746243739,0,0.33333333333333337,1,1
0.8571428571428572,1,0.8974874371859295,0.44717887154861957,1,1,1,0.44574290484140233,2,0.7333333333333333,0.7333333333333333,0
0.8571428571428572,1,0.4201005025125628,0.7334933973589437,1,1,1,0.3138564273789649,0,0.2833333333333333,0.7333333333333333,1
1,1,0.7507537688442211,0.20408163265306145,1,1,1,0.020033389,0,0.7833333333333333,0.7999999999999999,1
0.714285714,1,0.2753768844221105,0.6306522609043619,0,0,1,0.684474124,2,0.7666666666666667,0.5166666666666667,0
0,1,0.601005025,0.4109643857543017,0,1,1,0.4858096828046745,1,0.85,0.5000000000000001,1
0,0,0.43015075376884415,0.18427370948379362,0,1,0,0.3005008347245408,2,0.7999999999999999,0.7333333333333333,1
0.5714285714285712,1,0.4733668341708542,0.9187675070028014,1,0,1,0.9465776293823038,0,0.5166666666666667,0.5833333333333334,1
1,1,0.1728643216080402,0.1436574629851941,1,0,2,0.23706176961602665,0,0.18333333333333335,0.15000000000000002,0
0,1,0.6321608040201004,0.3855542216886756,0,2,1,0.12353923205342232,1,0.25,0.5333333333333333,1
0.5714285714285712,0,0.16080402010050251,0.8423369347739098,0,0,2,0.338898164,0,0.8166666666666668,0.4666666666666667,0
1,1,0.514572864,0.828731493,1,1,1,0.25375626043405686,1,0.8666666666666666,0.4666666666666667,1
0.2857142857142856,1,0.6884422110552764,0.6886754701880755,0,0,1,0.642737896,1,0.5833333333333334,0.6,0
0.5714285714285712,1,0.7587939698492461,0.1238495398159265,0,2,1,0.20200333889816358,2,0.4,0.20000000000000007,0
0.5714285714285712,0,0.872361809,0.40836334533813545,1,0,2,0.44574290484140233,0,0.5833333333333334,0.6666666666666666,0
0.5714285714285712,1,0.8522613065326632,0.4411764705882355,1,0,2,0.8848080133555927,2,0.7500000000000001,0.9666666666666667,0
0.714285714,1,0.13668341708542714,0.14025610244097653,0,2,0,0.7662771285475793,0,0.5333333333333333,0.6166666666666666,0
0.8571428571428572,1,0.5236180904522612,0.422168868,0,0,0,0.7095158597662772,0,0.45000000000000007,0.2666666666666667,0
0.4285714285714284,1,0.9306532663316581,0.16086434573829544,1,2,0,0.39565943238731216,0,0,0.20000000000000007,0
0.1428571428571428,0,0.061306533,0.5768307322929174,0,0,2,0.19866444073455758,0,0.9166666666666666,0.8666666666666666,0
0.714285714,0,0.21206030150753769,0.8135254101640659,0,2,0,0.9565943238731218,1,0.7999999999999999,0.43333333333333346,0
0.2857142857142856,0,0.052261307,0.5200080032012806,1,2,1,0.317195326,2,0.7333333333333333,1,0
1,0,0.8954773869346733,0.7827130852340938,0,1,1,0.7278797996661102,1,0.33333333333333337,0.7999999999999999,1
0,0,0.5809045226130652,0.4775910364145659,0,0,2,0.5342237061769617,0,0.8333333333333334,0.6666666666666666,1
0.2857142857142856,0,0.21105527638190952,0.3829531812725093,1,2,2,0.6327212020033388,1,0.45000000000000007,0.5833333333333334,0
0.5714285714285712,0,0.3969849246231155,0.44217687074829937,0,1,0,0.7445742904841404,2,0.16666666666666674,0.7166666666666667,1
0.1428571428571428,0,0.829145729,0.892356943,0,1,1,0.8547579298831387,1,0.8833333333333334,0.4666666666666667,1
0.5714285714285712,1,0.19296482412060298,0.054621849,1,1,0,0.6360601,0,0.7333333333333333,0.7000000000000001,0
0,0,0.28040201005025117,0.5360144057623051,0,1,0,0.2938230383973288,0,0.1,0.7666666666666667,1
0.714285714,0,0.7366834170854271,0.6608643457382957,1,2,0,0.8514190317195325,1,0.7000000000000001,0.85,0
1,1,0.7517587939698491,0.8901560624249703,0,0,2,0.7712854757929883,2,0.5333333333333333,0.16666666666666674,0
0,1,0.034170854,0.20468187274909977,1,0,1,0.7813021702838063,1,0.5166666666666667,0.6333333333333334,0
0.8571428571428572,0,0.41206030150753764,0.5478191276510607,0,2,1,0.5442404006677795,0,0.7166666666666667,0.5833333333333334,0
0.2857142857142856,0,0.8492462311557789,0.8645458183273311,0,1,2,0.7061769616026712,2,0.033333333333333326,0.7999999999999999,1
0.8571428571428572,0,0.743718593,0.7286914765906365,0,2,0,0.355592654,1,0.066666667,0.18333333333333335,1
0.4285714285714284,0,0.9989949748743717,0.994997999,0,0,1,0.1569282136894825,2,0.45000000000000007,0.083333333,1
1,1,0.49648241206030147,0.10324129651860758,0,0,1,0.46243739565943254,1,0.85,1,1
1,1,0.6653266331658291,0.6740696278511407,1,2,1,0.071786311,2,0.9666666666666667,0.6,1
0.4285714285714284,1,0.6613065326633165,0.8037214885954385,0,1,1,0.7979966611018363,1,0.7666666666666667,0.066666667,0
0.4285714285714284,1,0.9266331658291457,0.8843537414965987,1,2,2,0.020033389,1,0.4,0.2833333333333333,0
0,0,0.3195979899497487,0.2509003601440578,0,1,2,0.28714524207011694,0,0.8166666666666668,0.083333333,0
1,1,0.9427135678391959,0.013405362,1,2,0,0.9632721202003338,2,0.7500000000000001,0,0
1,0,0.3055276381909547,0.6484593837535015,1,2,0,0.39732888146911516,1,0.85,0.13333333333333341,1
0.2857142857142856,0,0.7698492462311557,0.2625050020008006,1,2,0,0.8530884808013355,0,0.85,0.35,0
0.8571428571428572,1,0.30753768844221097,0.39635854341736687,1,0,1,0.045075125,0,0.45000000000000007,0.41666666666666663,1
0.714285714,1,0.40703517587939686,0.7767106842737097,0,1,2,0.056761268781302165,2,0.8833333333333334,0.16666666666666674,1
0.714285714,1,0.099497487,0.1486594637855143,1,1,1,0.6744574290484142,2,0.5833333333333334,0.9,0
0.714285714,1,0.7819095477386934,0.3943577430972389,1,1,0,0.669449082,2,0.6166666666666666,0.8666666666666666,1
0.8571428571428572,1,0.829145729,0.19027611044417791,0,2,2,0.6393989983305508,0,0.45000000000000007,0.3833333333333334,0
0.1428571428571428,1,0.6974874371859295,0.35954381752701114,0,2,2,0.6110183639398998,0,0.4833333333333333,0.30000000000000004,0
0.5714285714285712,0,0.025125628,0.7300920368147261,0,2,0,0.5442404006677795,2,0.9500000000000001,0.7999999999999999,0
0.4285714285714284,1,0.17185929648241205,0.6730692276910768,1,1,0,0.667779633,2,0.7333333333333333,0.9833333333333333,1
0.714285714,1,0.031155779,0.16026410564225713,0,0,0,0.19532554257095158,0,0.9666666666666667,0.9833333333333333,0
0.714285714,0,0.7246231155778893,0.036414565826330625,1,1,2,0.095158598,1,0.1,0.21666666666666667,1
1,1,0.36783919597989945,0.5126050420168067,1,2,2,0.40400667779632715,2,0.4,0.25,1
1,1,0.7407035175879396,0.7402961184473793,0,0,0,0.666110184,2,0.8333333333333334,0.5333333333333333,1
0.2857142857142856,0,0.22110552763819094,0.9655862344937975,1,0,0,0.5642737896494157,2,0.25,0.7500000000000001,0
0.4285714285714284,1,0.8271356783919597,0.8489395758303322,0,0,1,0.20868113522537557,1,0.43333333333333346,0.8333333333333334,0
0.4285714285714284,1,0.13065326633165827,0.8625450180072032,1,1,2,0.43906510851419034,1,0.083333333,0.3833333333333334,1
0.8571428571428572,1,0.077386935,0.8799519807923171,0,1,2,0.3706176961602672,2,0.45000000000000007,0.033333333333333326,1
0.714285714,0,0.9899497487437184,0.043817527,0,1,0,0.26210350584307185,2,0.18333333333333335,0.5000000000000001,0
0.4285714285714284,1,0.20301507537688437,0.4121648659463788,0,2,0,0.9265442404006679,0,0.7833333333333333,0.016666667,0
0,0,0.1758793969849246,0.041616647,0,2,1,0.3038397328881469,1,0.6333333333333334,0.5666666666666668,0
0.4285714285714284,0,0.18592964824120603,0.9873949579831935,0,0,1,0.41736227045075114,0,0.6833333333333335,0.2833333333333333,1
1,0,0.9336683417085426,0.5628251300520211,0,2,1,0.686143573,2,0.1,0.43333333333333346,1
0,0,0.9407035175879395,0.2963185274109643,0,2,2,0.028380634390651083,2,0.8833333333333334,0.15000000000000002,1
0,0,0.836180905,0.32533013205282124,1,2,0,0.38898163606010017,0,0.9666666666666667,0.2666666666666667,1
0.2857142857142856,0,0.6763819095477386,0.8207282913165268,1,1,0,0.26544240400667773,0,0.7000000000000001,0.2333333333333334,1
0.4285714285714284,1,0.286432161,0.14005602240896375,0,0,1,0.8981636060100169,2,1,0.5833333333333334,0
0.2857142857142856,1,0.7396984924623115,0.45738295318127276,0,2,1,0.24707846410684475,1,1,0.6333333333333334,0
0.5714285714285712,1,0.18793969849246228,0.9777911164465787,0,0,0,0.6076794657762938,2,0.21666666666666667,0.5166666666666667,0
0.714285714,1,0.742713568,0.885154062,0,0,1,0.083472454,2,0.2666666666666667,0.31666666666666665,0
0.4285714285714284,1,0.7276381909547738,0.4277711084433775,1,2,2,0.6026711185308848,0,0.6,0.18333333333333335,0
0.2857142857142856,0,0.6060301507537688,0.4901960784313728,1,2,2,0.26878130217028384,0,0.066666667,0.65,1
0.5714285714285712,0,0.9819095477386933,0.15666266506602655,0,0,1,0.8263772954924877,2,0.6666666666666666,0.45000000000000007,1
0.714285714,0,0.27035175879396983,0.2675070028011206,1,1,0,0.3038397328881469,0,0.083333333,0.7333333333333333,0
0.714285714,0,0.4140703517587939,0.3305322128851542,1,1,1,0.5809682804674459,0,0.083333333,0.9500000000000001,0
0.4285714285714284,1,0.8050251256281405,0.24309723889555834,1,1,2,0.095158598,2,0.6833333333333335,0.5333333333333333,0
1,1,0.25226130653266327,0.9011604641856743,0,1,2,0.9065108514190316,0,1,0.21666666666666667,0
0.8571428571428572,0,0.8713567839195978,0.11784713885554243,1,0,0,0.085141903,1,0.45000000000000007,0.6333333333333334,1
0.1428571428571428,1,0.00201005,0.255702281,0,1,0,0.9899833055091818,1,0.4666666666666667,0,0
0.8571428571428572,0,0.6542713567839195,0.717887155,1,2,2,0.2988313856427379,2,0.9333333333333335,0.8333333333333334,1
0.8571428571428572,0,0.33668341708542704,0.18927571028411383,1,0,0,0.8163606010016695,0,0.5000000000000001,0.3833333333333334,1
0.4285714285714284,1,0.5768844221105527,0.905762305,1,1,2,0.6227045075125208,2,1,0.16666666666666674,0
0.2857142857142856,0,0.5959798994974874,0.5472188875550221,0,2,0,0.7395659432387311,1,0.31666666666666665,0.31666666666666665,1
0.4285714285714284,0,0.7115577889447235,0.521608643,0,2,0,0.023372287145242088,2,0.7500000000000001,0.8833333333333334,0
0.1428571428571428,0,0.37487437185929645,0.7086834733893561,0,0,2,0.4824707846410685,0,0.6666666666666666,0.41666666666666663,1
0.714285714,0,0.9819095477386933,0.9877951180472189,1,0,2,0.44908180300500833,2,0.8333333333333334,0.15000000000000002,0
0.714285714,0,0.035175879396984924,0.8837535014005606,1,1,2,0.637729549,2,0.25,1,1
0.5714285714285712,0,0.6592964824120603,0.33093237294917976,1,2,1,0.8514190317195325,0,0.85,0.18333333333333335,0
0.4285714285714284,0,0.5819095477386934,0.7342937174869948,1,1,0,0.11853088480801333,1,0.7166666666666667,0.25,1
0,0,0.4040201005025125,0.45578231292517035,0,2,2,0.5726210350584309,0,0.3666666666666666,0.4666666666666667,1
0.1428571428571428,0,0.011055276381909545,0.7068827531012407,0,2,0,0.1786310517529216,0,0.2333333333333334,0.15000000000000002,0
0.2857142857142856,1,0.8020100502512562,0.8603441376550622,1,1,1,0.068447412,0,0.050000000000000044,0.3666666666666666,1
0.8571428571428572,0,0.8412060301507538,0.2615046018407363,0,1,2,0.19198664440734559,0,0.5833333333333334,0,0
0.5714285714285712,0,0.1236180904522613,0.057022809,0,2,2,0.6010016694490818,2,0.1166666666666667,0.31666666666666665,1
0.5714285714285712,0,0.32361809045226125,0.5626250500200081,1,0,2,0.8747913188647747,1,0.3833333333333334,0.16666666666666674,0
0.2857142857142856,0,0.29547738693467335,0.045018007,0,1,1,0.36894824707846396,0,0.7666666666666667,0.7166666666666667,1
0.4285714285714284,0,0.6291457286432159,0.9921968787515008,1,0,2,0.13689482470784642,0,0.033333333333333326,0.25,1
0.8571428571428572,1,0.1638190954773869,0.084233693,1,0,1,0.4724540901502503,1,0.6833333333333335,0.4833333333333333,1
0,0,0.43819095477386927,0.8319327731092439,1,2,2,0.3572621035058432,0,0.4666666666666667,0.4,1
0.4285714285714284,1,0.7919597989949747,0.4197679071628653,0,1,2,0.40901502504173615,0,0.33333333333333337,0.6166666666666666,1
0.8571428571428572,0,0.26934673366834166,0.6262505002000802,0,1,1,0.2854757929883138,0,0.7999999999999999,0.35,0
0.1428571428571428,0,0.7035175879396984,0.025610244097639123,0,0,2,0.8931552587646077,0,0.5666666666666668,0.3833333333333334,1
0.5714285714285712,1,0.20804020100502513,0.051020408163265474,1,2,0,0.058430717863105275,1,0,0.65,1
0.2857142857142856,0,0.3296482412060301,0.7823129251700682,0,0,1,0.13689482470784642,0,0.6333333333333334,0.5833333333333334,1
0.8571428571428572,1,0.7386934673366834,0.033213285,1,1,0,0.953255426,1,0.8833333333333334,0.6166666666666666,1
0.714285714,0,0.4030150753768843,0.27030812324929987,0,1,2,0.1786310517529216,2,0.083333333,0.2333333333333334,1
1,0,0.7135678391959799,0.44157663065226105,0,0,1,0.13522537562604342,2,0.5833333333333334,0.7333333333333333,1
0.8571428571428572,1,0.03919598,0.602641056,1,2,0,0.39398998330550916,2,0.9333333333333335,0.6333333333333334,0
0.2857142857142856,1,0.26934673366834166,0.083033213,1,1,0,0.25208681135225364,0,0.016666667,0.9333333333333335,1
0,1,0.8412060301507538,0.4287715086034414,1,0,2,0.8113522537562603,0,0.4,0.33333333333333337,1
0,0,0.8130653266331657,0.6904761904761905,1,1,2,0.9365609348914856,1,0.3666666666666666,0.45000000000000007,0
0.5714285714285712,1,0.5236180904522612,0.890356142,1,0,0,0.9616026711185308,0,0.16666666666666674,0,1
0.1428571428571428,0,0.879396985,0.6150460184073632,0,1,0,0.12353923205342232,2,0.050000000000000044,0.85,0
0.714285714,1,0.18693467336683417,0.30212084833933583,1,0,0,0.086811352,2,0.9333333333333335,0.4833333333333333,0
0.5714285714285712,0,0.36582914572864317,0.7040816326530615,0,1,1,0.23038397328881466,1,0.6666666666666666,0.7000000000000001,1
0.5714285714285712,1,0.23919597989949748,0.7340936374549822,0,0,1,0.6727879799666108,0,0.6333333333333334,0.7333333333333333,0
0.2857142857142856,1,0.086432161,0.00080032,0,0,2,0.8831385642737897,0,0.31666666666666665,0.6833333333333335,1
0.8571428571428572,0,0.3798994974874371,0.5940376150460187,1,1,1,0.015025041736226985,1,0.41666666666666663,0,0
0,1,0.7698492462311557,0.092837135,1,1,0,0.1686143572621034,0,0.9,0.050000000000000044,1
0.5714285714285712,1,0.5738693467336682,0.9187675070028014,0,0,0,0.20033388981636058,1,0.4,0.4666666666666667,1
0.4285714285714284,1,0.08241206,0.2693077230892358,0,2,2,0.21702838063439056,0,0.6,0.15000000000000002,0
0.5714285714285712,1,0.6874371859296481,0.2350940376150461,1,1,1,0.348914858,2,0.6833333333333335,0.7166666666666667,1
0.1428571428571428,1,0.8271356783919597,0.7206882753101242,0,0,1,0.20200333889816358,2,0.2666666666666667,0.16666666666666674,0
0.2857142857142856,1,0.9085427135678391,0.3113245298119247,0,2,1,0.006677796,0,0.7833333333333333,0.13333333333333341,1
0.4285714285714284,0,0.3728643216080402,0.9445778311324531,1,1,0,0.4858096828046745,2,0.2833333333333333,0.9666666666666667,0
0,0,0.8311557788944722,0.6744697879151662,1,2,0,0.24207011686143576,1,0.050000000000000044,0.20000000000000007,1
1,0,0.28241206030150745,0.4321728691476592,1,0,1,0.8664440734557595,1,0.13333333333333341,0.33333333333333337,1
0.5714285714285712,0,0.636180905,0.5028011204481795,1,2,1,0.667779633,0,0.5833333333333334,0.5833333333333334,0
0.8571428571428572,0,0.7356783919597989,0.6982793117246899,0,1,0,0.1752921535893155,2,0.30000000000000004,0.31666666666666665,1
0.8571428571428572,1,0.850251256,0.5302120848339338,0,1,2,0.352253756,1,0.6333333333333334,0.4666666666666667,0
0.714285714,0,0,0.36934773909563834,1,2,2,0.24207011686143576,1,0.6333333333333334,0.9166666666666666,1
0.4285714285714284,0,0.9125628140703517,0.7196878751500602,0,1,0,0.34557596,1,0.9833333333333333,0.2333333333333334,1
0.8571428571428572,1,0.9206030150753768,0.6094437775110046,0,2,2,0.5993322203672788,1,0.2333333333333334,1,1
0.5714285714285712,0,0.1557788944723618,0.8353341336534617,0,2,0,0.8397328881469113,2,0.4666666666666667,0.7166666666666667,1
0.2857142857142856,1,0.8010050251256281,0.7505002,0,1,1,0.4841402337228715,1,0.16666666666666674,0.7833333333333333,0
0.1428571428571428,1,0.5015075376884421,0.2561024409763908,0,1,0,0.8046744574290485,0,0.9666666666666667,0.18333333333333335,1
0,1,0.12964824120603013,0.48799519807923186,1,2,0,0.008347245,1,0.2666666666666667,0.30000000000000004,0
0.4285714285714284,0,0.30753768844221097,0.3027210884353744,1,2,0,0.5375626043405677,0,0.5499999999999999,0.20000000000000007,1
0.1428571428571428,1,0.011055276381909545,0.20568227290916385,1,0,1,0.10851419031719534,2,0.9500000000000001,0.6,0
0.2857142857142856,1,0.5276381909547738,0.658463385,1,0,1,0.8747913188647747,0,0.5666666666666668,0.050000000000000044,0
0.4285714285714284,1,0.7155778894472361,0.31292517006802756,1,0,0,0.07345576,0,0.9500000000000001,0.4833333333333333,1
0.1428571428571428,1,0.18592964824120603,0.2503001200480195,1,0,0,0.098497496,0,0.2666666666666667,0.5499999999999999,0
0.1428571428571428,0,0.8633165829145727,0.20068027210884365,1,2,2,0.4590984974958263,2,0.1166666666666667,0.65,0
1,1,0.03919598,0.7328931572629054,0,0,1,0.337228715,1,0.083333333,0.31666666666666665,1
0.8571428571428572,1,0.6211055276381909,0.9831932773109247,1,2,2,0.3205342237061769,0,0.3833333333333334,0.9166666666666666,1
1,0,0.6462311557788945,0.5070028011204482,0,2,1,0.9565943238731218,0,0.6833333333333335,0.1,1
0.1428571428571428,1,0.9195979899497486,0.8205282112845138,1,1,2,0.3572621035058432,0,0.066666667,0.16666666666666674,0
0.1428571428571428,1,0.9417085427135679,0.309123649,0,1,0,0.2971619365609349,1,0.43333333333333346,0.31666666666666665,1
0.4285714285714284,0,0.5567839195979899,0.7494997999199682,0,1,1,0.9565943238731218,2,0.5833333333333334,0.9333333333333335,1
0.8571428571428572,1,0.7999999999999998,0.4369747899159664,1,0,1,0.9398998330550918,0,0.4833333333333333,0.18333333333333335,1
1,0,0.26934673366834166,0.9765906362545018,0,2,2,0.6310517529215358,0,0.9666666666666667,0.25,1
0,0,0.19999999999999998,0.26390556222489026,0,1,2,0.3272120200333889,0,0.7333333333333333,0.5499999999999999,1
0.8571428571428572,0,0.44020100502512555,0.49399759903961615,0,0,2,0.3756260434056762,2,0.9500000000000001,0.41666666666666663,1
0.4285714285714284,0,0.25427135678391954,0.5992396958783515,1,0,1,0.6010016694490818,0,0.18333333333333335,0.6833333333333335,1
0.2857142857142856,0,0.608040201,0.5534213685474192,1,0,2,0.6227045075125208,2,0.8333333333333334,0.3833333333333334,1
0.4285714285714284,0,0.6130653266331658,0.6996798719487798,0,0,0,0.323873122,0,0.7666666666666667,0.7166666666666667,0
0.4285714285714284,0,0.24723618090452262,0.14345738295318133,1,2,2,0.5158597662771285,0,0.7000000000000001,0.6833333333333335,1
0.1428571428571428,0,0.8693467336683416,0.5390156062424971,1,2,2,0.7028380634390652,1,0.3666666666666666,0.6,0
0.8571428571428572,0,0.24120603015075376,0.17226890756302526,1,0,0,0.085141903,0,0.083333333,0.8833333333333334,0
0.1428571428571428,0,0.38090452261306523,0.5024009603841539,1,2,1,0.6010016694490818,0,0.9666666666666667,0.033333333333333326,1
0.5714285714285712,0,0.7557788944723618,0.34333733493397367,1,1,0,0.44073455759599334,1,0.7000000000000001,0.8166666666666668,1
0.4285714285714284,1,0.24321608040201004,0.3813525410164065,0,0,0,0.714524207,2,0.2833333333333333,0.6333333333333334,0
0.4285714285714284,1,0.357788945,0.5974389755902363,0,2,2,0.7095158597662772,2,0.13333333333333341,0.25,1
0.714285714,1,0.40603015075376875,0.076830732,0,1,1,0.7863105175292155,1,0.7333333333333333,0.16666666666666674,0
0.8571428571428572,0,0.7316582914572863,0.25290116046418576,1,1,2,0.1752921535893155,2,0.5000000000000001,0.8666666666666666,0
0.1428571428571428,0,0.9045226130653266,0.3333333333333335,1,1,0,0.9766277128547578,1,0.31666666666666665,0.9,1
0,1,0.4884422110552763,0.6920768307322929,1,2,0,0.686143573,1,0.6166666666666666,0.1,0
0,0,0.18190954773869347,0.8191276510604244,1,1,2,0.3639398998330552,1,0.1,0.2333333333333334,0
0.2857142857142856,0,0.829145729,0.8533413365346139,0,1,0,0.7679465776293821,2,0.9500000000000001,0.016666667,0
0.2857142857142856,1,0.585929648,0.22328931572629074,1,0,2,0.23873121869782976,0,0.016666667,0.9833333333333333,1
0.1428571428571428,0,0.2663316582914573,0.45238095238095255,0,0,0,0.712854758,2,0.25,0.8333333333333334,0
0.1428571428571428,1,0.7899497487437185,0.29691876750700286,0,0,0,0.4908180300500835,1,0.3833333333333334,0.2666666666666667,1
0.1428571428571428,0,0.4160804020100502,0.9233693477390958,1,0,1,0.4574290484140233,1,0.5499999999999999,0.18333333333333335,0
0.1428571428571428,0,0.13366834170854272,0.21908763505402185,0,2,1,0.048414023372287174,1,0.2666666666666667,0.2833333333333333,1
0.4285714285714284,0,0.657286432,0.20388155262104868,1,0,0,0.5308848080133557,1,0.9,0.43333333333333346,0
0.8571428571428572,1,0.47035175879396984,0.645058023,1,2,2,0.40901502504173615,0,0.4,0.6833333333333335,1
0.4285714285714284,1,0.7849246231155779,0.6156462585034015,0,2,0,0.5909849749582639,0,0.5333333333333333,0.21666666666666667,0
0.714285714,1,0.536683417,0.7635054021608645,1,1,0,0.44240400667779634,2,0.6,0.7166666666666667,0
0,0,0.8261306532663316,0.9917967186874752,1,2,1,0.7929883138564273,0,0.5166666666666667,0.050000000000000044,1
0.2857142857142856,1,0.050251256,0.763905562,1,0,2,0.9131886477462439,1,0.2666666666666667,0.016666667,1
0.714285714,0,0.24522613065326632,0.4641856742697079,1,1,1,0.996661102,2,0.30000000000000004,0.066666667,1
0.2857142857142856,0,0.1537688442211055,0.13685474189675895,1,0,2,0.9415692821368948,1,0.5333333333333333,0.9666666666666667,1
0,1,0.3457286432160804,0.055622249,1,0,0,0.659432387,0,0.1,0.8166666666666668,0
0.1428571428571428,0,0.586934673,0.4295718287314929,0,2,0,0.6076794657762938,0,0.033333333333333326,0.15000000000000002,1
0.4285714285714284,0,0.22914572864321606,0.575230092,1,0,1,0.7879799666110185,1,0.033333333333333326,0.6,1
1,0,0.7658291457286431,0.2509003601440578,1,2,2,0.12186978297161943,1,0.6166666666666666,0,1
0.8571428571428572,0,0.11959798994974873,0.9547819127651063,1,2,1,0.41068447412353914,0,0,0.4833333333333333,0
0.1428571428571428,1,0.024120603015075376,0.17026810724289732,0,0,2,0.9098497495826379,1,0.6666666666666666,0.4,1
0.2857142857142856,0,0.11457286432160803,0.9623849539815927,0,1,2,0.21202003338898168,0,0.5000000000000001,0.7000000000000001,1
0,0,0.10552763819095477,0.9163665466186477,1,1,2,0.5475792988313857,1,0.21666666666666667,0.13333333333333341,1
0.714285714,0,0.5246231155778894,0.4395758303321331,0,1,2,0.342237062,1,0.7833333333333333,0.31666666666666665,1
0,0,0.30653266331658285,0.6462585034013608,1,0,1,0.3706176961602672,1,0.5833333333333334,0.5166666666666667,1
0.1428571428571428,0,0.065326633,0.4793917567026813,1,2,2,0.4657762938230383,1,0.7833333333333333,0.33333333333333337,0
0,1,0.672361809,0.004601841,0,0,1,0.642737896,1,0.2333333333333334,0.25,0
0.714285714,0,0.1015075376884422,0.7999199679871949,0,2,1,0.5358931552587645,1,0.8166666666666668,0.7833333333333333,0
1,0,0.17688442211055275,0.30532212885154064,0,0,1,0.5525876460767947,2,0.33333333333333337,0.1,1
0.2857142857142856,0,0.5527638190954773,0.6592637054821928,1,0,1,0.322203673,0,0.16666666666666674,0.8333333333333334,0
0.1428571428571428,1,0.6422110552763819,0.46558623449379777,0,0,2,0.65442404,1,0.21666666666666667,0.43333333333333346,0
